-- --------------------------------------------------------
-- Host:                         127.0.0.1
-- Server version:               8.0.30 - MySQL Community Server - GPL
-- Server OS:                    Win64
-- HeidiSQL Version:             12.1.0.6537
-- --------------------------------------------------------

/*!40101 SET @OLD_CHARACTER_SET_CLIENT=@@CHARACTER_SET_CLIENT */;
/*!40101 SET NAMES utf8 */;
/*!50503 SET NAMES utf8mb4 */;
/*!40103 SET @OLD_TIME_ZONE=@@TIME_ZONE */;
/*!40103 SET TIME_ZONE='+00:00' */;
/*!40014 SET @OLD_FOREIGN_KEY_CHECKS=@@FOREIGN_KEY_CHECKS, FOREIGN_KEY_CHECKS=0 */;
/*!40101 SET @OLD_SQL_MODE=@@SQL_MODE, SQL_MODE='NO_AUTO_VALUE_ON_ZERO' */;
/*!40111 SET @OLD_SQL_NOTES=@@SQL_NOTES, SQL_NOTES=0 */;


-- Dumping database structure for satudata_barru
CREATE DATABASE IF NOT EXISTS `satudata_barru` /*!40100 DEFAULT CHARACTER SET utf8mb4 COLLATE utf8mb4_0900_ai_ci */ /*!80016 DEFAULT ENCRYPTION='N' */;
USE `satudata_barru`;

-- Dumping structure for table satudata_barru.admin_permissions
CREATE TABLE IF NOT EXISTS `admin_permissions` (
  `id` int unsigned NOT NULL AUTO_INCREMENT,
  `action` varchar(255) DEFAULT NULL,
  `action_parameters` json DEFAULT NULL,
  `subject` varchar(255) DEFAULT NULL,
  `properties` json DEFAULT NULL,
  `conditions` json DEFAULT NULL,
  `created_at` datetime(6) DEFAULT NULL,
  `updated_at` datetime(6) DEFAULT NULL,
  `created_by_id` int unsigned DEFAULT NULL,
  `updated_by_id` int unsigned DEFAULT NULL,
  PRIMARY KEY (`id`),
  KEY `admin_permissions_created_by_id_fk` (`created_by_id`),
  KEY `admin_permissions_updated_by_id_fk` (`updated_by_id`),
  CONSTRAINT `admin_permissions_created_by_id_fk` FOREIGN KEY (`created_by_id`) REFERENCES `admin_users` (`id`) ON DELETE SET NULL,
  CONSTRAINT `admin_permissions_updated_by_id_fk` FOREIGN KEY (`updated_by_id`) REFERENCES `admin_users` (`id`) ON DELETE SET NULL
) ENGINE=InnoDB AUTO_INCREMENT=142 DEFAULT CHARSET=utf8mb4 COLLATE=utf8mb4_0900_ai_ci;

-- Dumping data for table satudata_barru.admin_permissions: ~134 rows (approximately)
INSERT INTO `admin_permissions` (`id`, `action`, `action_parameters`, `subject`, `properties`, `conditions`, `created_at`, `updated_at`, `created_by_id`, `updated_by_id`) VALUES
	(1, 'plugin::content-manager.explorer.create', '{}', 'api::bidang.bidang', '{"fields": ["nama_bidang", "data_bidangs", "dinas"]}', '[]', '2024-05-27 21:36:55.840000', '2024-05-27 21:36:55.840000', NULL, NULL),
	(2, 'plugin::content-manager.explorer.create', '{}', 'api::data-bidang.data-bidang', '{"fields": ["elemen", "bidang", "year_2021", "year_2022", "year_2023", "year_2024", "satuan"]}', '[]', '2024-05-27 21:36:55.850000', '2024-05-28 02:11:07.554000', NULL, NULL),
	(3, 'plugin::content-manager.explorer.create', '{}', 'api::dataset.dataset', '{"fields": ["judul_kegiatan", "tahun_kegiatan", "cara_pengumpulan_data", "sektor_kegiatan", "jenis_kegiatan_statistik", "identitas_rekomendasi", "instansi_penyelenggara", "alamat_lengkap_instansi_penyelenggara", "unit_eselon_penanggungjawab", "penanggungjawab_teknis", "pdf", "csv"]}', '[]', '2024-05-27 21:36:55.860000', '2024-05-27 21:36:55.860000', NULL, NULL),
	(4, 'plugin::content-manager.explorer.create', '{}', 'api::dinas.dinas', '{"fields": ["nama", "bidangs"]}', '[]', '2024-05-27 21:36:55.870000', '2024-05-27 21:36:55.870000', NULL, NULL),
	(5, 'plugin::content-manager.explorer.read', '{}', 'api::bidang.bidang', '{"fields": ["nama_bidang", "data_bidangs", "dinas"]}', '[]', '2024-05-27 21:36:55.877000', '2024-05-27 21:36:55.877000', NULL, NULL),
	(6, 'plugin::content-manager.explorer.read', '{}', 'api::data-bidang.data-bidang', '{"fields": ["elemen", "bidang", "year_2021", "year_2022", "year_2023", "year_2024", "satuan"]}', '[]', '2024-05-27 21:36:55.885000', '2024-05-28 02:11:07.554000', NULL, NULL),
	(7, 'plugin::content-manager.explorer.read', '{}', 'api::dataset.dataset', '{"fields": ["judul_kegiatan", "tahun_kegiatan", "cara_pengumpulan_data", "sektor_kegiatan", "jenis_kegiatan_statistik", "identitas_rekomendasi", "instansi_penyelenggara", "alamat_lengkap_instansi_penyelenggara", "unit_eselon_penanggungjawab", "penanggungjawab_teknis", "pdf", "csv"]}', '[]', '2024-05-27 21:36:55.895000', '2024-05-27 21:36:55.895000', NULL, NULL),
	(8, 'plugin::content-manager.explorer.read', '{}', 'api::dinas.dinas', '{"fields": ["nama", "bidangs"]}', '[]', '2024-05-27 21:36:55.906000', '2024-05-27 21:36:55.906000', NULL, NULL),
	(9, 'plugin::content-manager.explorer.update', '{}', 'api::bidang.bidang', '{"fields": ["nama_bidang", "data_bidangs", "dinas"]}', '[]', '2024-05-27 21:36:55.915000', '2024-05-27 21:36:55.915000', NULL, NULL),
	(10, 'plugin::content-manager.explorer.update', '{}', 'api::data-bidang.data-bidang', '{"fields": ["elemen", "bidang", "year_2021", "year_2022", "year_2023", "year_2024", "satuan"]}', '[]', '2024-05-27 21:36:55.925000', '2024-05-28 02:11:07.554000', NULL, NULL),
	(11, 'plugin::content-manager.explorer.update', '{}', 'api::dataset.dataset', '{"fields": ["judul_kegiatan", "tahun_kegiatan", "cara_pengumpulan_data", "sektor_kegiatan", "jenis_kegiatan_statistik", "identitas_rekomendasi", "instansi_penyelenggara", "alamat_lengkap_instansi_penyelenggara", "unit_eselon_penanggungjawab", "penanggungjawab_teknis", "pdf", "csv"]}', '[]', '2024-05-27 21:36:55.935000', '2024-05-27 21:36:55.935000', NULL, NULL),
	(12, 'plugin::content-manager.explorer.update', '{}', 'api::dinas.dinas', '{"fields": ["nama", "bidangs"]}', '[]', '2024-05-27 21:36:55.945000', '2024-05-27 21:36:55.945000', NULL, NULL),
	(13, 'plugin::content-manager.explorer.delete', '{}', 'api::bidang.bidang', '{}', '[]', '2024-05-27 21:36:55.955000', '2024-05-27 21:36:55.955000', NULL, NULL),
	(14, 'plugin::content-manager.explorer.delete', '{}', 'api::data-bidang.data-bidang', '{}', '[]', '2024-05-27 21:36:55.976000', '2024-05-27 21:36:55.976000', NULL, NULL),
	(15, 'plugin::content-manager.explorer.delete', '{}', 'api::dataset.dataset', '{}', '[]', '2024-05-27 21:36:55.985000', '2024-05-27 21:36:55.985000', NULL, NULL),
	(16, 'plugin::content-manager.explorer.delete', '{}', 'api::dinas.dinas', '{}', '[]', '2024-05-27 21:36:55.997000', '2024-05-27 21:36:55.997000', NULL, NULL),
	(17, 'plugin::content-manager.explorer.publish', '{}', 'api::bidang.bidang', '{}', '[]', '2024-05-27 21:36:56.006000', '2024-05-27 21:36:56.006000', NULL, NULL),
	(18, 'plugin::content-manager.explorer.publish', '{}', 'api::data-bidang.data-bidang', '{}', '[]', '2024-05-27 21:36:56.016000', '2024-05-27 21:36:56.016000', NULL, NULL),
	(19, 'plugin::content-manager.explorer.publish', '{}', 'api::dataset.dataset', '{}', '[]', '2024-05-27 21:36:56.030000', '2024-05-27 21:36:56.030000', NULL, NULL),
	(20, 'plugin::content-manager.explorer.publish', '{}', 'api::dinas.dinas', '{}', '[]', '2024-05-27 21:36:56.037000', '2024-05-27 21:36:56.037000', NULL, NULL),
	(21, 'plugin::upload.read', '{}', NULL, '{}', '[]', '2024-05-27 21:36:56.047000', '2024-05-27 21:36:56.047000', NULL, NULL),
	(22, 'plugin::upload.configure-view', '{}', NULL, '{}', '[]', '2024-05-27 21:36:56.099000', '2024-05-27 21:36:56.099000', NULL, NULL),
	(23, 'plugin::upload.assets.create', '{}', NULL, '{}', '[]', '2024-05-27 21:36:56.115000', '2024-05-27 21:36:56.115000', NULL, NULL),
	(24, 'plugin::upload.assets.update', '{}', NULL, '{}', '[]', '2024-05-27 21:36:56.127000', '2024-05-27 21:36:56.127000', NULL, NULL),
	(25, 'plugin::upload.assets.download', '{}', NULL, '{}', '[]', '2024-05-27 21:36:56.138000', '2024-05-27 21:36:56.138000', NULL, NULL),
	(26, 'plugin::upload.assets.copy-link', '{}', NULL, '{}', '[]', '2024-05-27 21:36:56.146000', '2024-05-27 21:36:56.146000', NULL, NULL),
	(27, 'plugin::content-manager.explorer.create', '{}', 'api::bidang.bidang', '{"fields": ["nama_bidang", "data_bidangs", "dinas"]}', '["admin::is-creator"]', '2024-05-27 21:36:56.166000', '2024-05-27 21:36:56.166000', NULL, NULL),
	(28, 'plugin::content-manager.explorer.create', '{}', 'api::data-bidang.data-bidang', '{"fields": ["elemen", "bidang", "year_2021", "year_2022", "year_2023", "year_2024", "satuan"]}', '["admin::is-creator"]', '2024-05-27 21:36:56.180000', '2024-05-28 02:11:07.554000', NULL, NULL),
	(29, 'plugin::content-manager.explorer.create', '{}', 'api::dataset.dataset', '{"fields": ["judul_kegiatan", "tahun_kegiatan", "cara_pengumpulan_data", "sektor_kegiatan", "jenis_kegiatan_statistik", "identitas_rekomendasi", "instansi_penyelenggara", "alamat_lengkap_instansi_penyelenggara", "unit_eselon_penanggungjawab", "penanggungjawab_teknis", "pdf", "csv"]}', '["admin::is-creator"]', '2024-05-27 21:36:56.191000', '2024-05-27 21:36:56.191000', NULL, NULL),
	(30, 'plugin::content-manager.explorer.create', '{}', 'api::dinas.dinas', '{"fields": ["nama", "bidangs"]}', '["admin::is-creator"]', '2024-05-27 21:36:56.200000', '2024-05-27 21:36:56.200000', NULL, NULL),
	(31, 'plugin::content-manager.explorer.read', '{}', 'api::bidang.bidang', '{"fields": ["nama_bidang", "data_bidangs", "dinas"]}', '["admin::is-creator"]', '2024-05-27 21:36:56.209000', '2024-05-27 21:36:56.209000', NULL, NULL),
	(32, 'plugin::content-manager.explorer.read', '{}', 'api::data-bidang.data-bidang', '{"fields": ["elemen", "bidang", "year_2021", "year_2022", "year_2023", "year_2024", "satuan"]}', '["admin::is-creator"]', '2024-05-27 21:36:56.220000', '2024-05-28 02:11:07.554000', NULL, NULL),
	(33, 'plugin::content-manager.explorer.read', '{}', 'api::dataset.dataset', '{"fields": ["judul_kegiatan", "tahun_kegiatan", "cara_pengumpulan_data", "sektor_kegiatan", "jenis_kegiatan_statistik", "identitas_rekomendasi", "instansi_penyelenggara", "alamat_lengkap_instansi_penyelenggara", "unit_eselon_penanggungjawab", "penanggungjawab_teknis", "pdf", "csv"]}', '["admin::is-creator"]', '2024-05-27 21:36:56.230000', '2024-05-27 21:36:56.230000', NULL, NULL),
	(34, 'plugin::content-manager.explorer.read', '{}', 'api::dinas.dinas', '{"fields": ["nama", "bidangs"]}', '["admin::is-creator"]', '2024-05-27 21:36:56.239000', '2024-05-27 21:36:56.239000', NULL, NULL),
	(35, 'plugin::content-manager.explorer.update', '{}', 'api::bidang.bidang', '{"fields": ["nama_bidang", "data_bidangs", "dinas"]}', '["admin::is-creator"]', '2024-05-27 21:36:56.250000', '2024-05-27 21:36:56.250000', NULL, NULL),
	(36, 'plugin::content-manager.explorer.update', '{}', 'api::data-bidang.data-bidang', '{"fields": ["elemen", "bidang", "year_2021", "year_2022", "year_2023", "year_2024", "satuan"]}', '["admin::is-creator"]', '2024-05-27 21:36:56.261000', '2024-05-28 02:11:07.554000', NULL, NULL),
	(37, 'plugin::content-manager.explorer.update', '{}', 'api::dataset.dataset', '{"fields": ["judul_kegiatan", "tahun_kegiatan", "cara_pengumpulan_data", "sektor_kegiatan", "jenis_kegiatan_statistik", "identitas_rekomendasi", "instansi_penyelenggara", "alamat_lengkap_instansi_penyelenggara", "unit_eselon_penanggungjawab", "penanggungjawab_teknis", "pdf", "csv"]}', '["admin::is-creator"]', '2024-05-27 21:36:56.269000', '2024-05-27 21:36:56.269000', NULL, NULL),
	(38, 'plugin::content-manager.explorer.update', '{}', 'api::dinas.dinas', '{"fields": ["nama", "bidangs"]}', '["admin::is-creator"]', '2024-05-27 21:36:56.277000', '2024-05-27 21:36:56.277000', NULL, NULL),
	(39, 'plugin::content-manager.explorer.delete', '{}', 'api::bidang.bidang', '{}', '["admin::is-creator"]', '2024-05-27 21:36:56.287000', '2024-05-27 21:36:56.287000', NULL, NULL),
	(40, 'plugin::content-manager.explorer.delete', '{}', 'api::data-bidang.data-bidang', '{}', '["admin::is-creator"]', '2024-05-27 21:36:56.296000', '2024-05-27 21:36:56.296000', NULL, NULL),
	(41, 'plugin::content-manager.explorer.delete', '{}', 'api::dataset.dataset', '{}', '["admin::is-creator"]', '2024-05-27 21:36:56.304000', '2024-05-27 21:36:56.304000', NULL, NULL),
	(42, 'plugin::content-manager.explorer.delete', '{}', 'api::dinas.dinas', '{}', '["admin::is-creator"]', '2024-05-27 21:36:56.313000', '2024-05-27 21:36:56.313000', NULL, NULL),
	(43, 'plugin::upload.read', '{}', NULL, '{}', '["admin::is-creator"]', '2024-05-27 21:36:56.324000', '2024-05-27 21:36:56.324000', NULL, NULL),
	(44, 'plugin::upload.configure-view', '{}', NULL, '{}', '[]', '2024-05-27 21:36:56.335000', '2024-05-27 21:36:56.335000', NULL, NULL),
	(45, 'plugin::upload.assets.create', '{}', NULL, '{}', '[]', '2024-05-27 21:36:56.342000', '2024-05-27 21:36:56.342000', NULL, NULL),
	(46, 'plugin::upload.assets.update', '{}', NULL, '{}', '["admin::is-creator"]', '2024-05-27 21:36:56.351000', '2024-05-27 21:36:56.351000', NULL, NULL),
	(47, 'plugin::upload.assets.download', '{}', NULL, '{}', '[]', '2024-05-27 21:36:56.362000', '2024-05-27 21:36:56.362000', NULL, NULL),
	(48, 'plugin::upload.assets.copy-link', '{}', NULL, '{}', '[]', '2024-05-27 21:36:56.369000', '2024-05-27 21:36:56.369000', NULL, NULL),
	(49, 'plugin::content-manager.explorer.create', '{}', 'plugin::users-permissions.user', '{"fields": ["username", "email", "provider", "password", "resetPasswordToken", "confirmationToken", "confirmed", "blocked", "role"]}', '[]', '2024-05-27 21:36:56.428000', '2024-05-27 21:36:56.428000', NULL, NULL),
	(50, 'plugin::content-manager.explorer.create', '{}', 'api::bidang.bidang', '{"fields": ["nama_bidang", "data_bidangs", "dinas"]}', '[]', '2024-05-27 21:36:56.440000', '2024-05-27 21:36:56.440000', NULL, NULL),
	(52, 'plugin::content-manager.explorer.create', '{}', 'api::dataset.dataset', '{"fields": ["judul_kegiatan", "tahun_kegiatan", "cara_pengumpulan_data", "sektor_kegiatan", "jenis_kegiatan_statistik", "identitas_rekomendasi", "instansi_penyelenggara", "alamat_lengkap_instansi_penyelenggara", "unit_eselon_penanggungjawab", "penanggungjawab_teknis", "pdf", "csv"]}', '[]', '2024-05-27 21:36:56.457000', '2024-05-27 21:36:56.457000', NULL, NULL),
	(53, 'plugin::content-manager.explorer.create', '{}', 'api::dinas.dinas', '{"fields": ["nama", "bidangs"]}', '[]', '2024-05-27 21:36:56.478000', '2024-05-27 21:36:56.478000', NULL, NULL),
	(54, 'plugin::content-manager.explorer.read', '{}', 'plugin::users-permissions.user', '{"fields": ["username", "email", "provider", "password", "resetPasswordToken", "confirmationToken", "confirmed", "blocked", "role"]}', '[]', '2024-05-27 21:36:56.489000', '2024-05-27 21:36:56.489000', NULL, NULL),
	(55, 'plugin::content-manager.explorer.read', '{}', 'api::bidang.bidang', '{"fields": ["nama_bidang", "data_bidangs", "dinas"]}', '[]', '2024-05-27 21:36:56.503000', '2024-05-27 21:36:56.503000', NULL, NULL),
	(57, 'plugin::content-manager.explorer.read', '{}', 'api::dataset.dataset', '{"fields": ["judul_kegiatan", "tahun_kegiatan", "cara_pengumpulan_data", "sektor_kegiatan", "jenis_kegiatan_statistik", "identitas_rekomendasi", "instansi_penyelenggara", "alamat_lengkap_instansi_penyelenggara", "unit_eselon_penanggungjawab", "penanggungjawab_teknis", "pdf", "csv"]}', '[]', '2024-05-27 21:36:56.526000', '2024-05-27 21:36:56.526000', NULL, NULL),
	(58, 'plugin::content-manager.explorer.read', '{}', 'api::dinas.dinas', '{"fields": ["nama", "bidangs"]}', '[]', '2024-05-27 21:36:56.543000', '2024-05-27 21:36:56.543000', NULL, NULL),
	(59, 'plugin::content-manager.explorer.update', '{}', 'plugin::users-permissions.user', '{"fields": ["username", "email", "provider", "password", "resetPasswordToken", "confirmationToken", "confirmed", "blocked", "role"]}', '[]', '2024-05-27 21:36:56.554000', '2024-05-27 21:36:56.554000', NULL, NULL),
	(60, 'plugin::content-manager.explorer.update', '{}', 'api::bidang.bidang', '{"fields": ["nama_bidang", "data_bidangs", "dinas"]}', '[]', '2024-05-27 21:36:56.568000', '2024-05-27 21:36:56.568000', NULL, NULL),
	(62, 'plugin::content-manager.explorer.update', '{}', 'api::dataset.dataset', '{"fields": ["judul_kegiatan", "tahun_kegiatan", "cara_pengumpulan_data", "sektor_kegiatan", "jenis_kegiatan_statistik", "identitas_rekomendasi", "instansi_penyelenggara", "alamat_lengkap_instansi_penyelenggara", "unit_eselon_penanggungjawab", "penanggungjawab_teknis", "pdf", "csv"]}', '[]', '2024-05-27 21:36:56.588000', '2024-05-27 21:36:56.588000', NULL, NULL),
	(63, 'plugin::content-manager.explorer.update', '{}', 'api::dinas.dinas', '{"fields": ["nama", "bidangs"]}', '[]', '2024-05-27 21:36:56.602000', '2024-05-27 21:36:56.602000', NULL, NULL),
	(64, 'plugin::content-manager.explorer.delete', '{}', 'plugin::users-permissions.user', '{}', '[]', '2024-05-27 21:36:56.613000', '2024-05-27 21:36:56.613000', NULL, NULL),
	(65, 'plugin::content-manager.explorer.delete', '{}', 'api::bidang.bidang', '{}', '[]', '2024-05-27 21:36:56.623000', '2024-05-27 21:36:56.623000', NULL, NULL),
	(66, 'plugin::content-manager.explorer.delete', '{}', 'api::data-bidang.data-bidang', '{}', '[]', '2024-05-27 21:36:56.637000', '2024-05-27 21:36:56.637000', NULL, NULL),
	(67, 'plugin::content-manager.explorer.delete', '{}', 'api::dataset.dataset', '{}', '[]', '2024-05-27 21:36:56.647000', '2024-05-27 21:36:56.647000', NULL, NULL),
	(68, 'plugin::content-manager.explorer.delete', '{}', 'api::dinas.dinas', '{}', '[]', '2024-05-27 21:36:56.656000', '2024-05-27 21:36:56.656000', NULL, NULL),
	(69, 'plugin::content-manager.explorer.publish', '{}', 'api::bidang.bidang', '{}', '[]', '2024-05-27 21:36:56.672000', '2024-05-27 21:36:56.672000', NULL, NULL),
	(70, 'plugin::content-manager.explorer.publish', '{}', 'api::data-bidang.data-bidang', '{}', '[]', '2024-05-27 21:36:56.682000', '2024-05-27 21:36:56.682000', NULL, NULL),
	(71, 'plugin::content-manager.explorer.publish', '{}', 'api::dataset.dataset', '{}', '[]', '2024-05-27 21:36:56.690000', '2024-05-27 21:36:56.690000', NULL, NULL),
	(72, 'plugin::content-manager.explorer.publish', '{}', 'api::dinas.dinas', '{}', '[]', '2024-05-27 21:36:56.702000', '2024-05-27 21:36:56.702000', NULL, NULL),
	(73, 'plugin::content-manager.single-types.configure-view', '{}', NULL, '{}', '[]', '2024-05-27 21:36:56.714000', '2024-05-27 21:36:56.714000', NULL, NULL),
	(74, 'plugin::content-manager.collection-types.configure-view', '{}', NULL, '{}', '[]', '2024-05-27 21:36:56.726000', '2024-05-27 21:36:56.726000', NULL, NULL),
	(75, 'plugin::content-manager.components.configure-layout', '{}', NULL, '{}', '[]', '2024-05-27 21:36:56.742000', '2024-05-27 21:36:56.742000', NULL, NULL),
	(76, 'plugin::content-type-builder.read', '{}', NULL, '{}', '[]', '2024-05-27 21:36:56.753000', '2024-05-27 21:36:56.753000', NULL, NULL),
	(77, 'plugin::email.settings.read', '{}', NULL, '{}', '[]', '2024-05-27 21:36:56.765000', '2024-05-27 21:36:56.765000', NULL, NULL),
	(78, 'plugin::upload.read', '{}', NULL, '{}', '[]', '2024-05-27 21:36:56.778000', '2024-05-27 21:36:56.778000', NULL, NULL),
	(79, 'plugin::upload.assets.create', '{}', NULL, '{}', '[]', '2024-05-27 21:36:56.786000', '2024-05-27 21:36:56.786000', NULL, NULL),
	(80, 'plugin::upload.assets.update', '{}', NULL, '{}', '[]', '2024-05-27 21:36:56.795000', '2024-05-27 21:36:56.795000', NULL, NULL),
	(81, 'plugin::upload.assets.download', '{}', NULL, '{}', '[]', '2024-05-27 21:36:56.808000', '2024-05-27 21:36:56.808000', NULL, NULL),
	(82, 'plugin::upload.assets.copy-link', '{}', NULL, '{}', '[]', '2024-05-27 21:36:56.819000', '2024-05-27 21:36:56.819000', NULL, NULL),
	(83, 'plugin::upload.configure-view', '{}', NULL, '{}', '[]', '2024-05-27 21:36:56.828000', '2024-05-27 21:36:56.828000', NULL, NULL),
	(84, 'plugin::upload.settings.read', '{}', NULL, '{}', '[]', '2024-05-27 21:36:56.838000', '2024-05-27 21:36:56.838000', NULL, NULL),
	(85, 'plugin::users-permissions.roles.create', '{}', NULL, '{}', '[]', '2024-05-27 21:36:56.849000', '2024-05-27 21:36:56.849000', NULL, NULL),
	(86, 'plugin::users-permissions.roles.read', '{}', NULL, '{}', '[]', '2024-05-27 21:36:56.859000', '2024-05-27 21:36:56.859000', NULL, NULL),
	(87, 'plugin::users-permissions.roles.update', '{}', NULL, '{}', '[]', '2024-05-27 21:36:56.871000', '2024-05-27 21:36:56.871000', NULL, NULL),
	(88, 'plugin::users-permissions.roles.delete', '{}', NULL, '{}', '[]', '2024-05-27 21:36:56.880000', '2024-05-27 21:36:56.880000', NULL, NULL),
	(89, 'plugin::users-permissions.providers.read', '{}', NULL, '{}', '[]', '2024-05-27 21:36:56.889000', '2024-05-27 21:36:56.889000', NULL, NULL),
	(90, 'plugin::users-permissions.providers.update', '{}', NULL, '{}', '[]', '2024-05-27 21:36:56.899000', '2024-05-27 21:36:56.899000', NULL, NULL),
	(91, 'plugin::users-permissions.email-templates.read', '{}', NULL, '{}', '[]', '2024-05-27 21:36:56.913000', '2024-05-27 21:36:56.913000', NULL, NULL),
	(92, 'plugin::users-permissions.email-templates.update', '{}', NULL, '{}', '[]', '2024-05-27 21:36:56.922000', '2024-05-27 21:36:56.922000', NULL, NULL),
	(93, 'plugin::users-permissions.advanced-settings.read', '{}', NULL, '{}', '[]', '2024-05-27 21:36:56.932000', '2024-05-27 21:36:56.932000', NULL, NULL),
	(94, 'plugin::users-permissions.advanced-settings.update', '{}', NULL, '{}', '[]', '2024-05-27 21:36:56.942000', '2024-05-27 21:36:56.942000', NULL, NULL),
	(95, 'plugin::i18n.locale.create', '{}', NULL, '{}', '[]', '2024-05-27 21:36:56.952000', '2024-05-27 21:36:56.952000', NULL, NULL),
	(96, 'plugin::i18n.locale.read', '{}', NULL, '{}', '[]', '2024-05-27 21:36:56.961000', '2024-05-27 21:36:56.961000', NULL, NULL),
	(97, 'plugin::i18n.locale.update', '{}', NULL, '{}', '[]', '2024-05-27 21:36:56.974000', '2024-05-27 21:36:56.974000', NULL, NULL),
	(98, 'plugin::i18n.locale.delete', '{}', NULL, '{}', '[]', '2024-05-27 21:36:56.982000', '2024-05-27 21:36:56.982000', NULL, NULL),
	(99, 'admin::marketplace.read', '{}', NULL, '{}', '[]', '2024-05-27 21:36:56.993000', '2024-05-27 21:36:56.993000', NULL, NULL),
	(100, 'admin::webhooks.create', '{}', NULL, '{}', '[]', '2024-05-27 21:36:57.005000', '2024-05-27 21:36:57.005000', NULL, NULL),
	(101, 'admin::webhooks.read', '{}', NULL, '{}', '[]', '2024-05-27 21:36:57.014000', '2024-05-27 21:36:57.014000', NULL, NULL),
	(102, 'admin::webhooks.update', '{}', NULL, '{}', '[]', '2024-05-27 21:36:57.029000', '2024-05-27 21:36:57.029000', NULL, NULL),
	(103, 'admin::webhooks.delete', '{}', NULL, '{}', '[]', '2024-05-27 21:36:57.039000', '2024-05-27 21:36:57.039000', NULL, NULL),
	(104, 'admin::users.create', '{}', NULL, '{}', '[]', '2024-05-27 21:36:57.048000', '2024-05-27 21:36:57.048000', NULL, NULL),
	(105, 'admin::users.read', '{}', NULL, '{}', '[]', '2024-05-27 21:36:57.058000', '2024-05-27 21:36:57.058000', NULL, NULL),
	(106, 'admin::users.update', '{}', NULL, '{}', '[]', '2024-05-27 21:36:57.068000', '2024-05-27 21:36:57.068000', NULL, NULL),
	(107, 'admin::users.delete', '{}', NULL, '{}', '[]', '2024-05-27 21:36:57.076000', '2024-05-27 21:36:57.076000', NULL, NULL),
	(108, 'admin::roles.create', '{}', NULL, '{}', '[]', '2024-05-27 21:36:57.085000', '2024-05-27 21:36:57.085000', NULL, NULL),
	(109, 'admin::roles.read', '{}', NULL, '{}', '[]', '2024-05-27 21:36:57.097000', '2024-05-27 21:36:57.097000', NULL, NULL),
	(110, 'admin::roles.update', '{}', NULL, '{}', '[]', '2024-05-27 21:36:57.107000', '2024-05-27 21:36:57.107000', NULL, NULL),
	(111, 'admin::roles.delete', '{}', NULL, '{}', '[]', '2024-05-27 21:36:57.114000', '2024-05-27 21:36:57.114000', NULL, NULL),
	(112, 'admin::api-tokens.access', '{}', NULL, '{}', '[]', '2024-05-27 21:36:57.123000', '2024-05-27 21:36:57.123000', NULL, NULL),
	(113, 'admin::api-tokens.create', '{}', NULL, '{}', '[]', '2024-05-27 21:36:57.135000', '2024-05-27 21:36:57.135000', NULL, NULL),
	(114, 'admin::api-tokens.read', '{}', NULL, '{}', '[]', '2024-05-27 21:36:57.145000', '2024-05-27 21:36:57.145000', NULL, NULL),
	(115, 'admin::api-tokens.update', '{}', NULL, '{}', '[]', '2024-05-27 21:36:57.153000', '2024-05-27 21:36:57.153000', NULL, NULL),
	(116, 'admin::api-tokens.regenerate', '{}', NULL, '{}', '[]', '2024-05-27 21:36:57.163000', '2024-05-27 21:36:57.163000', NULL, NULL),
	(117, 'admin::api-tokens.delete', '{}', NULL, '{}', '[]', '2024-05-27 21:36:57.172000', '2024-05-27 21:36:57.172000', NULL, NULL),
	(118, 'admin::project-settings.update', '{}', NULL, '{}', '[]', '2024-05-27 21:36:57.179000', '2024-05-27 21:36:57.179000', NULL, NULL),
	(119, 'admin::project-settings.read', '{}', NULL, '{}', '[]', '2024-05-27 21:36:57.185000', '2024-05-27 21:36:57.185000', NULL, NULL),
	(120, 'admin::transfer.tokens.access', '{}', NULL, '{}', '[]', '2024-05-27 21:36:57.193000', '2024-05-27 21:36:57.193000', NULL, NULL),
	(121, 'admin::transfer.tokens.create', '{}', NULL, '{}', '[]', '2024-05-27 21:36:57.205000', '2024-05-27 21:36:57.205000', NULL, NULL),
	(122, 'admin::transfer.tokens.read', '{}', NULL, '{}', '[]', '2024-05-27 21:36:57.218000', '2024-05-27 21:36:57.218000', NULL, NULL),
	(123, 'admin::transfer.tokens.update', '{}', NULL, '{}', '[]', '2024-05-27 21:36:57.226000', '2024-05-27 21:36:57.226000', NULL, NULL),
	(124, 'admin::transfer.tokens.regenerate', '{}', NULL, '{}', '[]', '2024-05-27 21:36:57.233000', '2024-05-27 21:36:57.233000', NULL, NULL),
	(125, 'admin::transfer.tokens.delete', '{}', NULL, '{}', '[]', '2024-05-27 21:36:57.243000', '2024-05-27 21:36:57.243000', NULL, NULL),
	(126, 'plugin::content-manager.explorer.create', '{}', 'api::jadwal-publikasi.jadwal-publikasi', '{"fields": ["judul", "periode_terbit", "bahasa", "jadwal_rilis", "status"]}', '[]', '2024-05-28 00:38:08.406000', '2024-05-28 00:38:08.406000', NULL, NULL),
	(128, 'plugin::content-manager.explorer.read', '{}', 'api::jadwal-publikasi.jadwal-publikasi', '{"fields": ["judul", "periode_terbit", "bahasa", "jadwal_rilis", "status"]}', '[]', '2024-05-28 00:38:08.437000', '2024-05-28 00:38:08.437000', NULL, NULL),
	(130, 'plugin::content-manager.explorer.update', '{}', 'api::jadwal-publikasi.jadwal-publikasi', '{"fields": ["judul", "periode_terbit", "bahasa", "jadwal_rilis", "status"]}', '[]', '2024-05-28 00:38:08.458000', '2024-05-28 00:38:08.458000', NULL, NULL),
	(132, 'plugin::content-manager.explorer.delete', '{}', 'api::jadwal-publikasi.jadwal-publikasi', '{}', '[]', '2024-05-28 00:38:08.481000', '2024-05-28 00:38:08.481000', NULL, NULL),
	(133, 'plugin::content-manager.explorer.delete', '{}', 'api::publikasi.publikasi', '{}', '[]', '2024-05-28 00:38:08.493000', '2024-05-28 00:38:08.493000', NULL, NULL),
	(134, 'plugin::content-manager.explorer.publish', '{}', 'api::jadwal-publikasi.jadwal-publikasi', '{}', '[]', '2024-05-28 00:38:08.502000', '2024-05-28 00:38:08.502000', NULL, NULL),
	(135, 'plugin::content-manager.explorer.publish', '{}', 'api::publikasi.publikasi', '{}', '[]', '2024-05-28 00:38:08.515000', '2024-05-28 00:38:08.515000', NULL, NULL),
	(136, 'plugin::content-manager.explorer.create', '{}', 'api::publikasi.publikasi', '{"fields": ["judul", "nomor_katalog", "nomor_publikasi", "ISSN_ISBN", "tanggal_rilis", "deskripsi", "pdf", "image"]}', '[]', '2024-05-28 00:50:17.995000', '2024-05-28 00:50:17.995000', NULL, NULL),
	(137, 'plugin::content-manager.explorer.read', '{}', 'api::publikasi.publikasi', '{"fields": ["judul", "nomor_katalog", "nomor_publikasi", "ISSN_ISBN", "tanggal_rilis", "deskripsi", "pdf", "image"]}', '[]', '2024-05-28 00:50:18.016000', '2024-05-28 00:50:18.016000', NULL, NULL),
	(138, 'plugin::content-manager.explorer.update', '{}', 'api::publikasi.publikasi', '{"fields": ["judul", "nomor_katalog", "nomor_publikasi", "ISSN_ISBN", "tanggal_rilis", "deskripsi", "pdf", "image"]}', '[]', '2024-05-28 00:50:18.033000', '2024-05-28 00:50:18.033000', NULL, NULL),
	(139, 'plugin::content-manager.explorer.create', '{}', 'api::data-bidang.data-bidang', '{"fields": ["elemen", "bidang", "year_2021", "year_2022", "year_2023", "year_2024", "satuan"]}', '[]', '2024-05-28 02:11:07.412000', '2024-05-28 02:11:07.412000', NULL, NULL),
	(140, 'plugin::content-manager.explorer.read', '{}', 'api::data-bidang.data-bidang', '{"fields": ["elemen", "bidang", "year_2021", "year_2022", "year_2023", "year_2024", "satuan"]}', '[]', '2024-05-28 02:11:07.430000', '2024-05-28 02:11:07.430000', NULL, NULL),
	(141, 'plugin::content-manager.explorer.update', '{}', 'api::data-bidang.data-bidang', '{"fields": ["elemen", "bidang", "year_2021", "year_2022", "year_2023", "year_2024", "satuan"]}', '[]', '2024-05-28 02:11:07.439000', '2024-05-28 02:11:07.439000', NULL, NULL);

-- Dumping structure for table satudata_barru.admin_permissions_role_links
CREATE TABLE IF NOT EXISTS `admin_permissions_role_links` (
  `id` int unsigned NOT NULL AUTO_INCREMENT,
  `permission_id` int unsigned DEFAULT NULL,
  `role_id` int unsigned DEFAULT NULL,
  `permission_order` double unsigned DEFAULT NULL,
  PRIMARY KEY (`id`),
  UNIQUE KEY `admin_permissions_role_links_unique` (`permission_id`,`role_id`),
  KEY `admin_permissions_role_links_fk` (`permission_id`),
  KEY `admin_permissions_role_links_inv_fk` (`role_id`),
  KEY `admin_permissions_role_links_order_inv_fk` (`permission_order`),
  CONSTRAINT `admin_permissions_role_links_fk` FOREIGN KEY (`permission_id`) REFERENCES `admin_permissions` (`id`) ON DELETE CASCADE,
  CONSTRAINT `admin_permissions_role_links_inv_fk` FOREIGN KEY (`role_id`) REFERENCES `admin_roles` (`id`) ON DELETE CASCADE
) ENGINE=InnoDB AUTO_INCREMENT=142 DEFAULT CHARSET=utf8mb4 COLLATE=utf8mb4_0900_ai_ci;

-- Dumping data for table satudata_barru.admin_permissions_role_links: ~135 rows (approximately)
INSERT INTO `admin_permissions_role_links` (`id`, `permission_id`, `role_id`, `permission_order`) VALUES
	(1, 1, 2, 1),
	(2, 2, 2, 2),
	(3, 3, 2, 3),
	(4, 4, 2, 4),
	(5, 5, 2, 5),
	(6, 6, 2, 6),
	(7, 7, 2, 7),
	(8, 8, 2, 8),
	(9, 9, 2, 9),
	(10, 10, 2, 10),
	(11, 11, 2, 11),
	(12, 12, 2, 12),
	(13, 13, 2, 13),
	(14, 14, 2, 14),
	(15, 15, 2, 15),
	(16, 16, 2, 16),
	(17, 17, 2, 17),
	(18, 18, 2, 18),
	(19, 19, 2, 19),
	(20, 20, 2, 20),
	(21, 21, 2, 21),
	(22, 22, 2, 22),
	(23, 23, 2, 23),
	(24, 24, 2, 24),
	(25, 25, 2, 25),
	(26, 26, 2, 26),
	(27, 27, 3, 1),
	(28, 28, 3, 2),
	(29, 29, 3, 3),
	(30, 30, 3, 4),
	(31, 31, 3, 5),
	(32, 32, 3, 6),
	(33, 33, 3, 7),
	(34, 34, 3, 8),
	(35, 35, 3, 9),
	(36, 36, 3, 10),
	(37, 37, 3, 11),
	(38, 38, 3, 12),
	(39, 39, 3, 13),
	(40, 40, 3, 14),
	(41, 41, 3, 15),
	(42, 42, 3, 16),
	(43, 43, 3, 17),
	(44, 44, 3, 18),
	(45, 45, 3, 19),
	(46, 46, 3, 20),
	(47, 47, 3, 21),
	(48, 48, 3, 22),
	(49, 49, 1, 1),
	(50, 50, 1, 2),
	(52, 52, 1, 4),
	(53, 53, 1, 5),
	(54, 54, 1, 6),
	(55, 55, 1, 7),
	(57, 57, 1, 9),
	(58, 58, 1, 10),
	(59, 59, 1, 11),
	(60, 60, 1, 12),
	(62, 62, 1, 14),
	(63, 63, 1, 15),
	(64, 64, 1, 16),
	(65, 65, 1, 17),
	(66, 66, 1, 18),
	(67, 67, 1, 19),
	(68, 68, 1, 20),
	(69, 69, 1, 21),
	(70, 70, 1, 22),
	(71, 71, 1, 23),
	(72, 72, 1, 24),
	(73, 73, 1, 25),
	(74, 74, 1, 26),
	(75, 75, 1, 27),
	(76, 76, 1, 28),
	(77, 77, 1, 29),
	(78, 78, 1, 30),
	(79, 79, 1, 31),
	(80, 80, 1, 32),
	(81, 81, 1, 33),
	(82, 82, 1, 34),
	(83, 83, 1, 35),
	(84, 84, 1, 36),
	(85, 85, 1, 37),
	(86, 86, 1, 38),
	(87, 87, 1, 39),
	(88, 88, 1, 40),
	(89, 89, 1, 41),
	(90, 90, 1, 42),
	(91, 91, 1, 43),
	(92, 92, 1, 44),
	(93, 93, 1, 45),
	(94, 94, 1, 46),
	(95, 95, 1, 47),
	(96, 96, 1, 48),
	(97, 97, 1, 49),
	(98, 98, 1, 50),
	(99, 99, 1, 51),
	(100, 100, 1, 52),
	(101, 101, 1, 53),
	(102, 102, 1, 54),
	(103, 103, 1, 55),
	(104, 104, 1, 56),
	(105, 105, 1, 57),
	(106, 106, 1, 58),
	(107, 107, 1, 59),
	(108, 108, 1, 60),
	(109, 109, 1, 61),
	(110, 110, 1, 62),
	(111, 111, 1, 63),
	(112, 112, 1, 64),
	(113, 113, 1, 65),
	(114, 114, 1, 66),
	(115, 115, 1, 67),
	(116, 116, 1, 68),
	(117, 117, 1, 69),
	(118, 118, 1, 70),
	(119, 119, 1, 71),
	(120, 120, 1, 72),
	(121, 121, 1, 73),
	(122, 122, 1, 74),
	(123, 123, 1, 75),
	(124, 124, 1, 76),
	(125, 125, 1, 77),
	(126, 126, 1, 78),
	(128, 128, 1, 80),
	(130, 130, 1, 82),
	(132, 132, 1, 84),
	(133, 133, 1, 85),
	(134, 134, 1, 86),
	(135, 135, 1, 87),
	(136, 136, 1, 88),
	(137, 137, 1, 89),
	(138, 138, 1, 90),
	(139, 139, 1, 91),
	(140, 140, 1, 92),
	(141, 141, 1, 93);

-- Dumping structure for table satudata_barru.admin_roles
CREATE TABLE IF NOT EXISTS `admin_roles` (
  `id` int unsigned NOT NULL AUTO_INCREMENT,
  `name` varchar(255) DEFAULT NULL,
  `code` varchar(255) DEFAULT NULL,
  `description` varchar(255) DEFAULT NULL,
  `created_at` datetime(6) DEFAULT NULL,
  `updated_at` datetime(6) DEFAULT NULL,
  `created_by_id` int unsigned DEFAULT NULL,
  `updated_by_id` int unsigned DEFAULT NULL,
  PRIMARY KEY (`id`),
  KEY `admin_roles_created_by_id_fk` (`created_by_id`),
  KEY `admin_roles_updated_by_id_fk` (`updated_by_id`),
  CONSTRAINT `admin_roles_created_by_id_fk` FOREIGN KEY (`created_by_id`) REFERENCES `admin_users` (`id`) ON DELETE SET NULL,
  CONSTRAINT `admin_roles_updated_by_id_fk` FOREIGN KEY (`updated_by_id`) REFERENCES `admin_users` (`id`) ON DELETE SET NULL
) ENGINE=InnoDB AUTO_INCREMENT=4 DEFAULT CHARSET=utf8mb4 COLLATE=utf8mb4_0900_ai_ci;

-- Dumping data for table satudata_barru.admin_roles: ~3 rows (approximately)
INSERT INTO `admin_roles` (`id`, `name`, `code`, `description`, `created_at`, `updated_at`, `created_by_id`, `updated_by_id`) VALUES
	(1, 'Super Admin', 'strapi-super-admin', 'Super Admins can access and manage all features and settings.', '2024-05-27 21:36:55.742000', '2024-05-27 21:36:55.742000', NULL, NULL),
	(2, 'Editor', 'strapi-editor', 'Editors can manage and publish contents including those of other users.', '2024-05-27 21:36:55.807000', '2024-05-27 21:36:55.807000', NULL, NULL),
	(3, 'Author', 'strapi-author', 'Authors can manage the content they have created.', '2024-05-27 21:36:55.817000', '2024-05-27 21:36:55.817000', NULL, NULL);

-- Dumping structure for table satudata_barru.admin_users
CREATE TABLE IF NOT EXISTS `admin_users` (
  `id` int unsigned NOT NULL AUTO_INCREMENT,
  `firstname` varchar(255) DEFAULT NULL,
  `lastname` varchar(255) DEFAULT NULL,
  `username` varchar(255) DEFAULT NULL,
  `email` varchar(255) DEFAULT NULL,
  `password` varchar(255) DEFAULT NULL,
  `reset_password_token` varchar(255) DEFAULT NULL,
  `registration_token` varchar(255) DEFAULT NULL,
  `is_active` tinyint(1) DEFAULT NULL,
  `blocked` tinyint(1) DEFAULT NULL,
  `prefered_language` varchar(255) DEFAULT NULL,
  `created_at` datetime(6) DEFAULT NULL,
  `updated_at` datetime(6) DEFAULT NULL,
  `created_by_id` int unsigned DEFAULT NULL,
  `updated_by_id` int unsigned DEFAULT NULL,
  PRIMARY KEY (`id`),
  KEY `admin_users_created_by_id_fk` (`created_by_id`),
  KEY `admin_users_updated_by_id_fk` (`updated_by_id`),
  CONSTRAINT `admin_users_created_by_id_fk` FOREIGN KEY (`created_by_id`) REFERENCES `admin_users` (`id`) ON DELETE SET NULL,
  CONSTRAINT `admin_users_updated_by_id_fk` FOREIGN KEY (`updated_by_id`) REFERENCES `admin_users` (`id`) ON DELETE SET NULL
) ENGINE=InnoDB AUTO_INCREMENT=3 DEFAULT CHARSET=utf8mb4 COLLATE=utf8mb4_0900_ai_ci;

-- Dumping data for table satudata_barru.admin_users: ~2 rows (approximately)
INSERT INTO `admin_users` (`id`, `firstname`, `lastname`, `username`, `email`, `password`, `reset_password_token`, `registration_token`, `is_active`, `blocked`, `prefered_language`, `created_at`, `updated_at`, `created_by_id`, `updated_by_id`) VALUES
	(1, 'Johnson', 'Liu', NULL, 'johnsonliu747@gmail.com', '$2a$10$NwtSj9iEq7/o7XfEQqWwRuMDnFuNmSwKQNiOZ6AvFnBnzoWyWURUC', NULL, NULL, 1, 0, NULL, '2024-05-27 21:41:25.026000', '2024-05-27 21:41:25.026000', NULL, NULL),
	(2, 'Johnson', 'Liu', NULL, 'johnsonliu747@gmail.com', '$2a$10$LUvAKrFB3Z8bQNcSOTWR2.UsqsSmRvtKQWb0cd6AoCIeXAy0KT9Bi', NULL, NULL, 1, 0, NULL, '2024-05-27 21:41:25.033000', '2024-05-27 21:41:25.033000', NULL, NULL);

-- Dumping structure for table satudata_barru.admin_users_roles_links
CREATE TABLE IF NOT EXISTS `admin_users_roles_links` (
  `id` int unsigned NOT NULL AUTO_INCREMENT,
  `user_id` int unsigned DEFAULT NULL,
  `role_id` int unsigned DEFAULT NULL,
  `role_order` double unsigned DEFAULT NULL,
  `user_order` double unsigned DEFAULT NULL,
  PRIMARY KEY (`id`),
  UNIQUE KEY `admin_users_roles_links_unique` (`user_id`,`role_id`),
  KEY `admin_users_roles_links_fk` (`user_id`),
  KEY `admin_users_roles_links_inv_fk` (`role_id`),
  KEY `admin_users_roles_links_order_fk` (`role_order`),
  KEY `admin_users_roles_links_order_inv_fk` (`user_order`),
  CONSTRAINT `admin_users_roles_links_fk` FOREIGN KEY (`user_id`) REFERENCES `admin_users` (`id`) ON DELETE CASCADE,
  CONSTRAINT `admin_users_roles_links_inv_fk` FOREIGN KEY (`role_id`) REFERENCES `admin_roles` (`id`) ON DELETE CASCADE
) ENGINE=InnoDB AUTO_INCREMENT=3 DEFAULT CHARSET=utf8mb4 COLLATE=utf8mb4_0900_ai_ci;

-- Dumping data for table satudata_barru.admin_users_roles_links: ~2 rows (approximately)
INSERT INTO `admin_users_roles_links` (`id`, `user_id`, `role_id`, `role_order`, `user_order`) VALUES
	(1, 2, 1, 1, 1),
	(2, 1, 1, 1, 2);

-- Dumping structure for table satudata_barru.daftar_bidang
CREATE TABLE IF NOT EXISTS `daftar_bidang` (
  `id` int unsigned NOT NULL AUTO_INCREMENT,
  `nama_bidang` varchar(255) DEFAULT NULL,
  `created_at` datetime(6) DEFAULT NULL,
  `updated_at` datetime(6) DEFAULT NULL,
  `published_at` datetime(6) DEFAULT NULL,
  `created_by_id` int unsigned DEFAULT NULL,
  `updated_by_id` int unsigned DEFAULT NULL,
  PRIMARY KEY (`id`),
  KEY `daftar_bidang_created_by_id_fk` (`created_by_id`),
  KEY `daftar_bidang_updated_by_id_fk` (`updated_by_id`),
  CONSTRAINT `daftar_bidang_created_by_id_fk` FOREIGN KEY (`created_by_id`) REFERENCES `admin_users` (`id`) ON DELETE SET NULL,
  CONSTRAINT `daftar_bidang_updated_by_id_fk` FOREIGN KEY (`updated_by_id`) REFERENCES `admin_users` (`id`) ON DELETE SET NULL
) ENGINE=InnoDB AUTO_INCREMENT=31 DEFAULT CHARSET=utf8mb4 COLLATE=utf8mb4_0900_ai_ci;

-- Dumping data for table satudata_barru.daftar_bidang: ~14 rows (approximately)
INSERT INTO `daftar_bidang` (`id`, `nama_bidang`, `created_at`, `updated_at`, `published_at`, `created_by_id`, `updated_by_id`) VALUES
	(1, 'Capaian Pendidikan Anak Usia ini (PAUD)   Kabupaten Barru Tahun 2019 – 2023	', '2024-05-27 23:28:26.897000', '2024-05-28 02:20:57.783000', '2024-05-28 02:12:31.600000', 1, 1),
	(2, 'Angka Partisipasi Kasar  (APK) SD/MI/Paket A dan SMP/MTs/Paket B di Kabupaten Barru Tahun 2019 – 2023', '2024-05-28 02:16:12.859000', '2024-05-28 02:16:42.272000', '2024-05-28 02:16:42.265000', 1, 1),
	(3, 'Angka Partisipasi Murni (APM) SD/MI/Paket Adan SMP/MTs/Paket B di Kabupaten Barru Tahun 2019 – 2023', '2024-05-28 02:32:32.227000', '2024-05-28 02:32:35.515000', '2024-05-28 02:32:35.508000', 1, 1),
	(4, 'Angka Partisipasi sekolah (APS) SD/MI/Paket A dan SMP/MTs/Paket B di Kabupaten Barru Tahun 2019 – 2023', '2024-05-28 02:32:58.559000', '2024-05-28 02:33:32.798000', '2024-05-28 02:33:32.793000', 1, 1),
	(5, 'Angka Putus Sekolah (APS) SD/MI & SMP/MTs Kabupaten Barru Tahun 2019 – 2023', '2024-05-28 02:33:19.327000', '2024-05-28 02:33:26.402000', '2024-05-28 02:33:26.398000', 1, 1),
	(6, 'Angka Kelulusan (AL) SD/MI dan SMP/MTs di Kabupaten Barru Tahun 2019 – 2023', '2024-05-28 02:35:26.320000', '2024-05-28 02:35:32.325000', '2024-05-28 02:35:32.316000', 1, 1),
	(7, 'Angka Melanjutkan (AM) dari SD/MI dan SMP/MTs di Kab.Barru 2019 – 2023', '2024-05-28 02:35:52.764000', '2024-05-28 02:35:53.690000', '2024-05-28 02:35:53.684000', 1, 1),
	(8, 'Angka Kematian Bayi (AKB) per 1.000 Kelahiran Hidup Tahun 2019 – 2023', '2024-05-28 02:53:15.382000', '2024-05-28 02:53:29.291000', '2024-05-28 02:53:29.287000', 1, 1),
	(9, 'Angka Kelangsungan Hidup Bayi (AKHB) Kab.Barru Tahun 2019 – 2023', '2024-05-28 02:55:02.261000', '2024-05-28 02:55:04.566000', '2024-05-28 02:55:04.557000', 1, 1),
	(10, 'Angka Kematian Balita (AKBa)/1000 kelahiran hidup Kab.Barru Tahun 2019 – 2023', '2024-05-28 02:55:58.370000', '2024-05-28 02:56:00.495000', '2024-05-28 02:56:00.489000', 1, 1),
	(11, 'Angka Kematian neonatal per 1000 kelahiran hidup Kab.Barru Tahun 2019 – 2023', '2024-05-28 02:56:48.935000', '2024-05-28 02:56:57.047000', '2024-05-28 02:56:57.039000', 1, 1),
	(12, 'Angka Kematian Ibu per 100.000 kelahiran hidup Kabupaten Barru Tahun 2019 – 2023', '2024-05-28 02:57:18.643000', '2024-05-28 02:57:26.575000', '2024-05-28 02:57:26.564000', 1, 1),
	(13, 'Rasio Posyandu Persatuan Balita Kabupaten Barru Tahun 2019 – 2023', '2024-05-28 02:58:07.043000', '2024-05-28 02:58:08.738000', '2024-05-28 02:58:08.732000', 1, 1),
	(14, 'Rasio puskesmas, poliklinik puskesmas pembantu per 1.000 jumlah penduduk Kabupaten Barru Tahun 2019 – 2023', '2024-05-28 02:58:29.799000', '2024-05-28 02:58:30.901000', '2024-05-28 02:58:30.892000', 1, 1),
	(15, 'Proporsi Penduduk Kecamatan Menurut Jenis Kelamin', '2024-05-31 00:07:42.858000', '2024-05-31 00:07:45.059000', '2024-05-31 00:07:45.054000', 1, 1),
	(16, 'Proporsi Penduduk Desa/Kelurahan menurut Jenis Kelamin', '2024-05-31 00:07:57.053000', '2024-05-31 00:07:58.045000', '2024-05-31 00:07:58.041000', 1, 1),
	(17, 'Proporsi Penduduk Desa/Keluarahan menurut Jenis Kelamin dan Angka Pertambahan Penduduk', '2024-05-31 00:08:06.569000', '2024-05-31 00:08:30.438000', '2024-05-31 00:08:30.432000', 1, 1),
	(18, 'Proporsi Penduduk Kabupaten/Kota menurut Kelompok umur (0-39)', '2024-05-31 00:08:45.200000', '2024-05-31 00:08:50.502000', '2024-05-31 00:08:50.499000', 1, 1),
	(19, 'Proporsi Penduduk Kabupaten/Kota menurut Kelompok Umur (40-75++)', '2024-05-31 00:09:00.248000', '2024-05-31 00:09:02.258000', '2024-05-31 00:09:02.254000', 1, 1),
	(20, 'Proporsi Penduduk Kabupaten/Kota menurut Umur Median Kumulatif', '2024-05-31 00:09:11.223000', '2024-05-31 00:09:11.964000', '2024-05-31 00:09:11.960000', 1, 1),
	(21, 'Penduduk Kabupaten/Kota menurut Usia Muda (0-14),produktif(15-64) dan Tua(>=64)', '2024-05-31 00:09:25.445000', '2024-05-31 00:11:00.344000', '2024-05-31 00:11:00.340000', 1, 1),
	(23, 'Pertumbuhan Pegawai Negeri Sipil menurut Jenis Kelamin, Tahun 2021 - 2024', '2024-05-31 00:45:42.657000', '2024-05-31 00:45:43.764000', '2024-05-31 00:45:43.760000', 1, 1),
	(24, 'Pegawai Negeri Sipil menurut Kelompok Umur dan Jenis Kelamin Tahun 2022', '2024-05-31 00:45:52.668000', '2024-05-31 00:45:59.378000', '2024-05-31 00:45:54.384000', 1, 1),
	(25, 'Jumlah PNS menurut Tingkat Pendidikan dan Jenis Kelamin, Tahun 2022', '2024-05-31 00:46:10.165000', '2024-05-31 00:46:10.917000', '2024-05-31 00:46:10.914000', 1, 1),
	(26, 'Jumlah PNS menurut Tingkat Pendidikan, Tahun 2021 - 2024', '2024-05-31 00:46:22.710000', '2024-05-31 00:46:23.483000', '2024-05-31 00:46:23.478000', 1, 1),
	(27, 'Jumlah PNS menurut Golongan Kepangkatan dan Jenis Kelamin, Tahun 2022', '2024-05-31 00:46:34.439000', '2024-05-31 00:46:35.169000', '2024-05-31 00:46:35.166000', 1, 1),
	(28, 'Pertumbuhan PNS menurut Golongan Kepangkatan & Jenis Kelamin, Tahun 2021 - 2022', '2024-05-31 00:48:10.393000', '2024-05-31 00:48:14.830000', '2024-05-31 00:48:14.826000', 1, 1),
	(29, 'Jumlah PNS menurut Jenis Jabatan Fungsional, Tahun 2021 – 2024', '2024-05-31 00:48:20.951000', '2024-05-31 00:48:21.625000', '2024-05-31 00:48:21.620000', 1, 1),
	(30, 'Jumlah PNS menurut Jenis Jabatan Struktural, Tahun 2018 – 2022', '2024-05-31 00:48:30.521000', '2024-05-31 00:48:31.349000', '2024-05-31 00:48:31.345000', 1, 1);

-- Dumping structure for table satudata_barru.daftar_bidang_dinas_links
CREATE TABLE IF NOT EXISTS `daftar_bidang_dinas_links` (
  `id` int unsigned NOT NULL AUTO_INCREMENT,
  `bidang_id` int unsigned DEFAULT NULL,
  `dinas_id` int unsigned DEFAULT NULL,
  `bidang_order` double unsigned DEFAULT NULL,
  PRIMARY KEY (`id`),
  UNIQUE KEY `daftar_bidang_dinas_links_unique` (`bidang_id`,`dinas_id`),
  KEY `daftar_bidang_dinas_links_fk` (`bidang_id`),
  KEY `daftar_bidang_dinas_links_inv_fk` (`dinas_id`),
  KEY `daftar_bidang_dinas_links_order_inv_fk` (`bidang_order`),
  CONSTRAINT `daftar_bidang_dinas_links_fk` FOREIGN KEY (`bidang_id`) REFERENCES `daftar_bidang` (`id`) ON DELETE CASCADE,
  CONSTRAINT `daftar_bidang_dinas_links_inv_fk` FOREIGN KEY (`dinas_id`) REFERENCES `daftar_dinas` (`id`) ON DELETE CASCADE
) ENGINE=InnoDB AUTO_INCREMENT=31 DEFAULT CHARSET=utf8mb4 COLLATE=utf8mb4_0900_ai_ci;

-- Dumping data for table satudata_barru.daftar_bidang_dinas_links: ~14 rows (approximately)
INSERT INTO `daftar_bidang_dinas_links` (`id`, `bidang_id`, `dinas_id`, `bidang_order`) VALUES
	(1, 1, 1, 1),
	(2, 2, 1, 2),
	(3, 3, 1, 3),
	(4, 4, 1, 4),
	(5, 5, 1, 5),
	(6, 6, 1, 6),
	(7, 7, 1, 7),
	(8, 8, 2, 1),
	(9, 9, 2, 2),
	(10, 10, 2, 3),
	(11, 11, 2, 4),
	(12, 12, 2, 5),
	(13, 13, 2, 6),
	(14, 14, 2, 7),
	(15, 15, 3, 1),
	(16, 16, 3, 2),
	(17, 17, 3, 3),
	(18, 18, 3, 4),
	(19, 19, 3, 5),
	(20, 20, 3, 6),
	(21, 21, 3, 7),
	(23, 23, 4, 1),
	(24, 24, 4, 2),
	(25, 25, 4, 3),
	(26, 26, 4, 4),
	(27, 27, 4, 5),
	(28, 28, 4, 6),
	(29, 29, 4, 7),
	(30, 30, 4, 8);

-- Dumping structure for table satudata_barru.daftar_data_bidang
CREATE TABLE IF NOT EXISTS `daftar_data_bidang` (
  `id` int unsigned NOT NULL AUTO_INCREMENT,
  `elemen` varchar(255) DEFAULT NULL,
  `created_at` datetime(6) DEFAULT NULL,
  `updated_at` datetime(6) DEFAULT NULL,
  `published_at` datetime(6) DEFAULT NULL,
  `created_by_id` int unsigned DEFAULT NULL,
  `updated_by_id` int unsigned DEFAULT NULL,
  `year_2021` varchar(255) DEFAULT NULL,
  `year_2022` varchar(255) DEFAULT NULL,
  `year_2023` varchar(255) DEFAULT NULL,
  `year_2024` varchar(255) DEFAULT NULL,
  `satuan` varchar(255) DEFAULT NULL,
  PRIMARY KEY (`id`),
  KEY `daftar_data_bidang_created_by_id_fk` (`created_by_id`),
  KEY `daftar_data_bidang_updated_by_id_fk` (`updated_by_id`),
  CONSTRAINT `daftar_data_bidang_created_by_id_fk` FOREIGN KEY (`created_by_id`) REFERENCES `admin_users` (`id`) ON DELETE SET NULL,
  CONSTRAINT `daftar_data_bidang_updated_by_id_fk` FOREIGN KEY (`updated_by_id`) REFERENCES `admin_users` (`id`) ON DELETE SET NULL
) ENGINE=InnoDB AUTO_INCREMENT=39 DEFAULT CHARSET=utf8mb4 COLLATE=utf8mb4_0900_ai_ci;

-- Dumping data for table satudata_barru.daftar_data_bidang: ~17 rows (approximately)
INSERT INTO `daftar_data_bidang` (`id`, `elemen`, `created_at`, `updated_at`, `published_at`, `created_by_id`, `updated_by_id`, `year_2021`, `year_2022`, `year_2023`, `year_2024`, `satuan`) VALUES
	(1, 'Barru', '2024-05-28 02:13:43.173000', '2024-05-30 23:31:12.699000', '2024-05-28 02:14:12.017000', 1, 1, '1001	', '1004	', '978	', '978	', 'Orang'),
	(2, 'Tanete Rilau', '2024-05-28 02:20:38.879000', '2024-05-30 23:31:27.331000', '2024-05-28 02:20:40.035000', 1, 1, '1370	', '1375	', '1383', '1380', 'Orang	'),
	(3, 'Tanete Riaja', '2024-05-28 02:21:49.427000', '2024-05-30 23:31:43.914000', '2024-05-28 02:22:01.429000', 1, 1, '1520', '1525', '1493', '1627', 'Orang'),
	(4, 'pujananting', '2024-05-28 02:23:09.963000', '2024-05-30 23:31:57.686000', '2024-05-28 02:23:11.685000', 1, 1, '2035', '2042', '2135', '1980', 'Orang'),
	(5, 'Balusu', '2024-05-28 02:23:49.162000', '2024-05-30 23:32:13.503000', '2024-05-28 02:23:50.673000', 1, 1, '4443	', '4458', '4417', '4480	', 'Orang'),
	(6, ' Soppeng Riaja', '2024-05-28 02:25:24.713000', '2024-05-30 23:32:27.527000', '2024-05-28 02:25:31.250000', 1, 1, '1206', '1210', '1167', '1250', 'Orang'),
	(7, 'Mallusetasi', '2024-05-28 02:26:24.149000', '2024-05-30 23:32:43.426000', '2024-05-28 02:26:25.398000', 1, 1, '1125	', '1129', '1156', '1063', 'Orang'),
	(8, 'Puskesmas Doi-Doi', '2024-05-28 02:27:17.534000', '2024-05-30 23:37:05.151000', '2024-05-28 02:27:18.742000', 1, 1, '862	', '865	', '808', '814', 'Orang'),
	(9, 'Puskesmas Lisu', '2024-05-28 03:47:44.722000', '2024-05-30 23:38:52.730000', '2024-05-28 03:47:46.565000', 1, 1, '1500', '1550', '1600', '1650', 'Orang'),
	(10, 'Puskesmas Palakka', '2024-05-28 03:48:20.160000', '2024-05-30 23:40:23.019000', '2024-05-28 03:48:21.474000', 1, 1, '1400', '1450', '1500', '1550', 'Orang'),
	(11, 'Puskesmas Pancana', '2024-05-28 03:49:09.035000', '2024-05-30 23:39:21.791000', '2024-05-28 03:49:20.676000', 1, 1, '1300', '1350', '1400', '1450', 'Orang'),
	(12, 'Poliklinik Medika Utama', '2024-05-28 03:49:55.827000', '2024-05-30 23:39:53.188000', '2024-05-28 03:49:56.782000', 1, 1, '800', '850', '900', '950', 'Anak'),
	(13, 'Poliklinik Pekkae', '2024-05-28 03:50:39.368000', '2024-05-30 23:57:31.489000', '2024-05-28 03:50:40.096000', 1, 1, '700', '750', '800', '850', 'Anak'),
	(14, 'RSUD lapatarai', '2024-05-28 03:51:10.205000', '2024-05-30 23:35:09.718000', '2024-05-28 03:51:11.392000', 1, 1, '300', '320', '340', '360', 'Operasi'),
	(15, 'RS Patima', '2024-05-28 03:51:53.631000', '2024-05-30 23:41:25.303000', '2024-05-28 03:51:56.042000', 1, 1, '250', '270', '290', '310', 'Operasi'),
	(16, 'Puskesmas Mangkoso', '2024-05-28 03:52:24.028000', '2024-05-30 23:57:42.289000', '2024-05-28 03:52:25.427000', 1, 1, '500', '550', '600', '650', 'Ibu Hamil'),
	(17, 'Puskesmas Madello', '2024-05-28 03:52:52.396000', '2024-05-30 23:57:49.683000', '2024-05-28 03:52:53.249000', 1, 1, '450', '500', '550', '600', 'Ibu Hamil'),
	(18, 'Proporsi Penduduk Pria (%)	', '2024-05-31 00:10:43.320000', '2024-05-31 00:11:56.860000', '2024-05-31 00:11:56.856000', 1, 1, '51.0', '51.2	', '51.1	', '51.3	', '%'),
	(19, 'Proporsi Penduduk Wanita (%)	', '2024-05-31 00:12:28.475000', '2024-05-31 00:12:39.018000', '2024-05-31 00:12:38.984000', 1, 1, '49.0	', '48.8	', '48.9	', '48.7	', '%'),
	(20, 'Rasio Jenis Kelamin (Laki-laki/100 P)	', '2024-05-31 00:13:11.321000', '2024-05-31 00:13:11.946000', '2024-05-31 00:13:11.942000', 1, 1, '104.0	', '105.0	', '104.5	', '105.2	', 'per 100'),
	(21, 'Proporsi Penduduk Pria (%)	', '2024-05-31 00:15:26.714000', '2024-05-31 00:15:27.644000', '2024-05-31 00:15:27.640000', 1, 1, '50.5	', '50.7	', '50.6	', '50.8	', '%'),
	(22, 'Pertumbuhan Penduduk Wanita (%)	', '2024-05-31 00:15:58.479000', '2024-05-31 00:22:53.346000', '2024-05-31 00:15:59.379000', 1, 1, '1.4	', '1.5	', '1.6	', '1.7	', '%'),
	(23, 'Total Pertumbuhan Penduduk (%)	', '2024-05-31 00:16:46.693000', '2024-05-31 00:16:47.407000', '2024-05-31 00:16:47.399000', 1, 1, '1.45	', '1.55', '1.65', '1.75	', '%'),
	(24, 'Penduduk Usia 0-14 (%)	', '2024-05-31 00:17:24.275000', '2024-05-31 00:17:25.419000', '2024-05-31 00:17:25.415000', 1, 1, '20.0', '19.8	', '19.6	', '19.5', '%'),
	(25, 'Penduduk Usia 15-24 (%)	', '2024-05-31 00:18:02.070000', '2024-05-31 00:18:12.735000', '2024-05-31 00:18:12.732000', 1, 1, '18.0', '17.9', '17.8	', '17.7	', '%'),
	(26, 'Penduduk Usia 25-39 (%)	', '2024-05-31 00:18:43.532000', '2024-05-31 00:18:44.214000', '2024-05-31 00:18:44.200000', 1, 1, '25.0', '25.2', '25.3', '25.4', '%'),
	(27, 'Penduduk Usia 40-54 (%)	', '2024-05-31 00:19:38.608000', '2024-05-31 00:22:13.214000', '2024-05-31 00:22:13.211000', 1, 1, '15.0	', '15.1	', '15.2	', '15.3', '%'),
	(28, 'Penduduk Usia 55-64 (%)	', '2024-05-31 00:23:36.719000', '2024-05-31 00:23:38.194000', '2024-05-31 00:23:38.191000', 1, 1, '12.0	', '12.1', '12.2	', '12.3	', '%'),
	(29, 'Penduduk Usia 65++ (%)	', '2024-05-31 00:24:06.466000', '2024-05-31 00:24:07.462000', '2024-05-31 00:24:07.456000', 1, 1, '10.0', '10.1', '10.2	', '10.3', '%'),
	(30, 'Umur Median Kumulatif (tahun)	', '2024-05-31 00:25:12.731000', '2024-05-31 00:25:13.463000', '2024-05-31 00:25:13.460000', 1, 1, '29.0	', '29.2	', '29.4	', '29.6', 'tahun'),
	(31, 'Umur Median Kumulatif Pria (tahun)	', '2024-05-31 00:25:48.828000', '2024-05-31 00:25:49.536000', '2024-05-31 00:25:49.533000', 1, 1, '28.5	', '28.7', '28.9', '29.1', 'tahun'),
	(32, 'Umur Median Kumulatif Wanita (tahun)	', '2024-05-31 00:26:19.306000', '2024-05-31 00:26:20.196000', '2024-05-31 00:26:20.192000', 1, 1, '29.5', '29.7	', '29.9', '30.1', 'tahun'),
	(33, 'Penduduk Usia Muda (0-14) (%)	', '2024-05-31 00:27:10.537000', '2024-05-31 00:27:11.347000', '2024-05-31 00:27:11.344000', 1, 1, '20.0', '19.8', '19.6	', '19.5', '%'),
	(34, 'Penduduk Usia Produktif (15-64) (%)	', '2024-05-31 00:27:37.717000', '2024-05-31 00:27:59.976000', '2024-05-31 00:27:38.322000', 1, 1, '70.0', '70.2', '70.3', '70.4', '%'),
	(35, 'Penduduk Usia Tua (>=64) (%)	', '2024-05-31 00:28:26.184000', '2024-05-31 00:28:27.135000', '2024-05-31 00:28:27.132000', 1, 1, '10.0	', '10.0', '10.1', '10.1', '%'),
	(36, 'Pria', '2024-05-31 00:50:33.720000', '2024-05-31 00:50:34.502000', '2024-05-31 00:50:34.498000', 1, 1, '1,616', '1,592', '1,507', '1,474', 'Orang'),
	(37, 'Wanita', '2024-05-31 00:51:37.523000', '2024-05-31 00:51:38.971000', '2024-05-31 00:51:38.968000', 1, 1, '2,506', '2,496', '2,412', '2,435', 'Orang'),
	(38, 'Jumlah', '2024-05-31 00:52:13.470000', '2024-05-31 00:52:24.784000', '2024-05-31 00:52:14.082000', 1, 1, '4,122', '4,088', '3,919', '3,909', 'Orang');

-- Dumping structure for table satudata_barru.daftar_data_bidang_bidang_links
CREATE TABLE IF NOT EXISTS `daftar_data_bidang_bidang_links` (
  `id` int unsigned NOT NULL AUTO_INCREMENT,
  `data_bidang_id` int unsigned DEFAULT NULL,
  `bidang_id` int unsigned DEFAULT NULL,
  `data_bidang_order` double unsigned DEFAULT NULL,
  PRIMARY KEY (`id`),
  UNIQUE KEY `daftar_data_bidang_bidang_links_unique` (`data_bidang_id`,`bidang_id`),
  KEY `daftar_data_bidang_bidang_links_fk` (`data_bidang_id`),
  KEY `daftar_data_bidang_bidang_links_inv_fk` (`bidang_id`),
  KEY `daftar_data_bidang_bidang_links_order_inv_fk` (`data_bidang_order`),
  CONSTRAINT `daftar_data_bidang_bidang_links_fk` FOREIGN KEY (`data_bidang_id`) REFERENCES `daftar_data_bidang` (`id`) ON DELETE CASCADE,
  CONSTRAINT `daftar_data_bidang_bidang_links_inv_fk` FOREIGN KEY (`bidang_id`) REFERENCES `daftar_bidang` (`id`) ON DELETE CASCADE
) ENGINE=InnoDB AUTO_INCREMENT=50 DEFAULT CHARSET=utf8mb4 COLLATE=utf8mb4_0900_ai_ci;

-- Dumping data for table satudata_barru.daftar_data_bidang_bidang_links: ~14 rows (approximately)
INSERT INTO `daftar_data_bidang_bidang_links` (`id`, `data_bidang_id`, `bidang_id`, `data_bidang_order`) VALUES
	(11, 7, 1, 1),
	(12, 6, 1, 2),
	(14, 4, 1, 3),
	(15, 1, 1, 4),
	(16, 3, 1, 5),
	(17, 2, 1, 6),
	(18, 5, 1, 7),
	(19, 9, 14, 1),
	(20, 10, 14, 2),
	(21, 11, 14, 3),
	(22, 12, 14, 4),
	(23, 14, 14, 5),
	(24, 15, 14, 6),
	(25, 8, 14, 7),
	(26, 13, 14, 8),
	(27, 16, 14, 9),
	(28, 17, 14, 10),
	(30, 18, 15, 1),
	(31, 19, 15, 2),
	(32, 20, 15, 3),
	(33, 21, 16, 1),
	(34, 24, 18, 1),
	(35, 25, 18, 2),
	(36, 26, 18, 3),
	(37, 27, 19, 1),
	(38, 22, 17, 1),
	(39, 28, 19, 2),
	(40, 29, 19, 3),
	(41, 30, 20, 1),
	(42, 31, 20, 2),
	(43, 32, 20, 3),
	(44, 33, 21, 1),
	(45, 34, 21, 2),
	(46, 35, 21, 3),
	(47, 36, 23, 1),
	(48, 37, 23, 2),
	(49, 38, 23, 3);

-- Dumping structure for table satudata_barru.daftar_dinas
CREATE TABLE IF NOT EXISTS `daftar_dinas` (
  `id` int unsigned NOT NULL AUTO_INCREMENT,
  `nama` varchar(255) DEFAULT NULL,
  `created_at` datetime(6) DEFAULT NULL,
  `updated_at` datetime(6) DEFAULT NULL,
  `published_at` datetime(6) DEFAULT NULL,
  `created_by_id` int unsigned DEFAULT NULL,
  `updated_by_id` int unsigned DEFAULT NULL,
  PRIMARY KEY (`id`),
  KEY `daftar_dinas_created_by_id_fk` (`created_by_id`),
  KEY `daftar_dinas_updated_by_id_fk` (`updated_by_id`),
  CONSTRAINT `daftar_dinas_created_by_id_fk` FOREIGN KEY (`created_by_id`) REFERENCES `admin_users` (`id`) ON DELETE SET NULL,
  CONSTRAINT `daftar_dinas_updated_by_id_fk` FOREIGN KEY (`updated_by_id`) REFERENCES `admin_users` (`id`) ON DELETE SET NULL
) ENGINE=InnoDB AUTO_INCREMENT=5 DEFAULT CHARSET=utf8mb4 COLLATE=utf8mb4_0900_ai_ci;

-- Dumping data for table satudata_barru.daftar_dinas: ~2 rows (approximately)
INSERT INTO `daftar_dinas` (`id`, `nama`, `created_at`, `updated_at`, `published_at`, `created_by_id`, `updated_by_id`) VALUES
	(1, 'Pendidikan', '2024-05-27 23:26:59.922000', '2024-05-28 02:12:26.457000', '2024-05-28 02:12:26.447000', 1, 1),
	(2, 'Kesehatan', '2024-05-28 02:52:18.116000', '2024-05-28 02:52:22.332000', '2024-05-28 02:52:22.309000', 1, 1),
	(3, 'Dukcapil', '2024-05-30 23:58:58.698000', '2024-05-31 00:06:50.754000', '2024-05-31 00:06:50.749000', 1, 1),
	(4, 'bkpsdm', '2024-05-31 00:45:11.263000', '2024-05-31 00:45:12.521000', '2024-05-31 00:45:12.517000', 1, 1);

-- Dumping structure for table satudata_barru.daftar_jadwal_publikasi
CREATE TABLE IF NOT EXISTS `daftar_jadwal_publikasi` (
  `id` int unsigned NOT NULL AUTO_INCREMENT,
  `judul` varchar(255) DEFAULT NULL,
  `periode_terbit` varchar(255) DEFAULT NULL,
  `bahasa` varchar(255) DEFAULT NULL,
  `jadwal_rilis` date DEFAULT NULL,
  `status` varchar(255) DEFAULT NULL,
  `created_at` datetime(6) DEFAULT NULL,
  `updated_at` datetime(6) DEFAULT NULL,
  `published_at` datetime(6) DEFAULT NULL,
  `created_by_id` int unsigned DEFAULT NULL,
  `updated_by_id` int unsigned DEFAULT NULL,
  PRIMARY KEY (`id`),
  KEY `daftar_jadwal_publikasi_created_by_id_fk` (`created_by_id`),
  KEY `daftar_jadwal_publikasi_updated_by_id_fk` (`updated_by_id`),
  CONSTRAINT `daftar_jadwal_publikasi_created_by_id_fk` FOREIGN KEY (`created_by_id`) REFERENCES `admin_users` (`id`) ON DELETE SET NULL,
  CONSTRAINT `daftar_jadwal_publikasi_updated_by_id_fk` FOREIGN KEY (`updated_by_id`) REFERENCES `admin_users` (`id`) ON DELETE SET NULL
) ENGINE=InnoDB AUTO_INCREMENT=13 DEFAULT CHARSET=utf8mb4 COLLATE=utf8mb4_0900_ai_ci;

-- Dumping data for table satudata_barru.daftar_jadwal_publikasi: ~11 rows (approximately)
INSERT INTO `daftar_jadwal_publikasi` (`id`, `judul`, `periode_terbit`, `bahasa`, `jadwal_rilis`, `status`, `created_at`, `updated_at`, `published_at`, `created_by_id`, `updated_by_id`) VALUES
	(1, 'Produk Domestik Regional Bruto Kabupaten Barru Menurut Pengeluaran 2019-2023', 'Tahunan', 'Indonesia ', '2024-04-30', 'Belum Rilis', '2024-05-28 04:08:09.986000', '2024-05-28 04:08:11.348000', '2024-05-28 04:08:11.341000', 1, 1),
	(2, 'Profil Industri Mikro dan Kecil Kabupaten Barru 2022', 'Tahunan', 'Indonesia ', '2024-04-24', 'Belum Rilis', '2024-05-28 04:08:54.617000', '2024-05-28 04:09:01.252000', '2024-05-28 04:09:01.245000', 1, 1),
	(3, 'Produk Domestik Regional Bruto Kabupaten Barru Menurut Lapangan Usaha 2019-2023', 'Tahunan', 'Indonesia ', '2024-05-24', 'Belum Rilis', '2024-05-28 04:10:11.107000', '2024-05-28 04:10:13.158000', '2024-05-28 04:10:13.142000', 1, 1),
	(4, 'Kabupaten Barru Dalam Angka 2024', 'Tahunan', '1102001.7310', '2024-02-28', 'Belum Rilis', '2024-05-28 04:10:56.564000', '2024-05-28 04:10:58.031000', '2024-05-28 04:10:58.027000', 1, 1),
	(5, 'Kecamatan Tanete Riaja Dalam Angka 2024 	', 'Tahunan', 'Indonesia 	', '2024-09-26', 'Belum Rilis', '2024-05-28 04:13:23.882000', '2024-05-28 04:13:26.279000', '2024-05-28 04:13:26.275000', 1, 1),
	(6, 'Kecamatan Balusu Dalam Angka 2024 	', 'Tahunan', 'Indonesia ', '2024-09-26', 'Belum Rilis', '2024-05-28 04:13:53.178000', '2024-05-28 04:13:53.560000', '2024-05-28 04:13:53.552000', 1, 1),
	(7, 'Kecamatan Tanete Rilau Dalam Angka 2024 	', 'Tahunan', 'Indonesia ', '2024-09-26', 'Belum Rilis', '2024-05-28 04:14:43.426000', '2024-05-28 04:14:44.459000', '2024-05-28 04:14:44.450000', 1, 1),
	(8, 'Kecamatan Soppeng Riaja Dalam Angka 2024 	', 'Tahunan', 'Indonesia ', '2024-09-26', 'Belum Rilis', '2024-05-28 04:23:13.953000', '2024-05-28 04:23:14.904000', '2024-05-28 04:23:14.899000', 1, 1),
	(9, 'Kecamatan Mallusetasi Dalam Angka 2024 	', 'Tahunan', 'Indonesia ', '2024-09-26', 'Belum Rilis', '2024-05-28 04:23:45.462000', '2024-05-28 04:23:46.975000', '2024-05-28 04:23:46.952000', 1, 1),
	(10, 'Kecamatan Pujananting Dalam Angka 2024 	', 'Tahunan', 'Tahunan 	', '2024-09-26', 'Belum Rilis', '2024-05-28 04:24:10.402000', '2024-05-28 04:24:11.307000', '2024-05-28 04:24:11.298000', 1, 1),
	(11, 'Kecamatan Barru Dalam Angka 2024 	', 'Tahunan', 'Indonesia ', '2024-09-26', 'Belum Rilis', '2024-05-28 04:24:30.592000', '2024-05-28 04:24:31.506000', '2024-05-28 04:24:31.501000', 1, 1),
	(12, 'Statistik Kesejahteraan Rakyat Kabupaten Barru 2024 	', 'Tahunan', 'Indonesia ', '2024-12-13', 'Belum Rilis', '2024-05-28 04:25:23.612000', '2024-05-28 04:25:24.847000', '2024-05-28 04:25:24.839000', 1, 1);

-- Dumping structure for table satudata_barru.datasets
CREATE TABLE IF NOT EXISTS `datasets` (
  `id` int unsigned NOT NULL AUTO_INCREMENT,
  `judul_kegiatan` varchar(255) DEFAULT NULL,
  `tahun_kegiatan` bigint DEFAULT NULL,
  `cara_pengumpulan_data` varchar(255) DEFAULT NULL,
  `sektor_kegiatan` varchar(255) DEFAULT NULL,
  `jenis_kegiatan_statistik` varchar(255) DEFAULT NULL,
  `identitas_rekomendasi` varchar(255) DEFAULT NULL,
  `instansi_penyelenggara` varchar(255) DEFAULT NULL,
  `alamat_lengkap_instansi_penyelenggara` longtext,
  `unit_eselon_penanggungjawab` longtext,
  `penanggungjawab_teknis` longtext,
  `created_at` datetime(6) DEFAULT NULL,
  `updated_at` datetime(6) DEFAULT NULL,
  `published_at` datetime(6) DEFAULT NULL,
  `created_by_id` int unsigned DEFAULT NULL,
  `updated_by_id` int unsigned DEFAULT NULL,
  PRIMARY KEY (`id`),
  KEY `datasets_created_by_id_fk` (`created_by_id`),
  KEY `datasets_updated_by_id_fk` (`updated_by_id`),
  CONSTRAINT `datasets_created_by_id_fk` FOREIGN KEY (`created_by_id`) REFERENCES `admin_users` (`id`) ON DELETE SET NULL,
  CONSTRAINT `datasets_updated_by_id_fk` FOREIGN KEY (`updated_by_id`) REFERENCES `admin_users` (`id`) ON DELETE SET NULL
) ENGINE=InnoDB AUTO_INCREMENT=16 DEFAULT CHARSET=utf8mb4 COLLATE=utf8mb4_0900_ai_ci;

-- Dumping data for table satudata_barru.datasets: ~14 rows (approximately)
INSERT INTO `datasets` (`id`, `judul_kegiatan`, `tahun_kegiatan`, `cara_pengumpulan_data`, `sektor_kegiatan`, `jenis_kegiatan_statistik`, `identitas_rekomendasi`, `instansi_penyelenggara`, `alamat_lengkap_instansi_penyelenggara`, `unit_eselon_penanggungjawab`, `penanggungjawab_teknis`, `created_at`, `updated_at`, `published_at`, `created_by_id`, `updated_by_id`) VALUES
	(1, 'Kompilasi Pendataan Sumber daya Perikanan Tangkap ( Pengelolaan Statistik Perikanan Tangkap)', 2022, 'Kompilasi Produk Administrasi', 'Pertanian dan Perikanan', 'Statistik Sektoral', '-', 'Dinas Perikanan Kabupaten Barru', 'Jl.H.M.Salaeh Lawa\nTelepon: 	0427-21196\nFaksimile: 	0427-21196\nEmail: 	dkpbarru@gmail.com', 'Eselon 1: 	Kementrian Kelautan dan Perikanan\nEselon 2: 	Kepala Dinas Perikanan', '\nNama: 	-\nJabatan: 	Kabid Pemberdayaan nelayan kecil,usaha kecil dan penyelenggaraan TPI\nAlamat: 	Jln H.M Saleh lawa\nTelepon: 	0427 - 4272119\nFaksimile: 	0427 - 4272119\nEmail: 	dkpbarru@gmail.com', '2024-05-27 21:44:39.957000', '2024-05-27 22:06:42.216000', '2024-05-27 21:44:41.406000', 1, 1),
	(2, 'Kompilasi Data Pengelolaan Keuangan Daerah', 2022, 'Kompilasi Produk Administrasi', 'Keuangan', 'Statistik Sektoral', '-', 'Badan Keuangan dan Aset Daerah Kab. Barru', 'Jl. Sultan Hasanuddin No. 82 Barru\nTelepon: 	-\nFaksimile: 	-\nEmail: 	dpkdbarru@gmail.com', '\nEselon 1: 	-\nEselon 2: 	Kepala Badan Keuangan dan Aset Daerah\n', '\nNama: 	-\nJabatan: 	Sekretaris Badan Keuangan dan Aset Daerah\nAlamat: 	Jl.Sultan Hasanuddin No.82 Kel.Coppo\nTelepon: 	0427 - 21731\nFaksimile: 	0427 - 21731\nEmail: 	bkadbarru@gmail.com', '2024-05-27 21:59:40.349000', '2024-05-27 22:05:22.500000', '2024-05-27 21:59:41.586000', 1, 1),
	(3, 'Survey Tingkat Kegemaran Membaca Masyarakat Kabupaten Barru', 2022, 'Survei', 'Pendidikan dan Pelatihan', 'Statistik Sektoral', '-', 'Dinas Perpustakaan dan Kearsipan Kabupaten Barru', 'Jl. Sultan Hasanuddin Barru\nTelepon: 	-\nFaksimile: 	-\nEmail: 	pustakaarsip@barrukab.go.id', 'Eselon 1: 	-\nEselon 2: 	Kepala Dinas Perpustakaan dan Kearsipan', 'Nama: 	-\nJabatan: 	Kepala Bidang Perpustakaan\nAlamat: 	Jl.Sultan Hasanuddin Kec.Barru Kab.Barru\nTelepon: 	-\nFaksimile: 	-\nEmail: 	pustakaarsip@barrukab.go.id', '2024-05-27 22:09:09.443000', '2024-05-27 22:09:10.504000', '2024-05-27 22:09:10.498000', 1, 1),
	(4, 'KOMPILASI DATA KRIMINAL SE KABUPATEN BARRU', 2022, 'Kompilasi Produk Administrasi', 'Perlindungan Sosial dan Kesejahteraan', 'Statistik Sektoral', '- ', 'BADAN KESATUAN BANGSA DAN POLITIK KABUPATEN BARRU', 'Jl. H. A. Iskandar Unru No. 4 Barru\nTelepon: 	-\nFaksimile: 	-\nEmail: 	kesbangpolbarru27@gmail.com\n', 'Eselon 1: 	-\nEselon 2: 	KEPALA BADAN KESATUAN BANGSA DAN POLITIK', 'Nama: 	Hj. Nurhasanah, S.Sos, M.Si\nJabatan: 	BIDANG KEWASPADAAN NASIONAL DAN PENANGANAN KONFLIK\nAlamat: 	Jl. H. A. Iskandar Unru No. 4 Barru\nTelepon: 	-\nFaksimile: 	-\nEmail: 	kesbangpolbarru27@gmail.com\n', '2024-05-27 22:11:41.373000', '2024-05-27 22:11:42.575000', '2024-05-27 22:11:42.569000', 1, 1),
	(5, 'Survei Kepuasan Masyarakat', 2022, 'Survei', 'Sektor Publik Perpajakan dan Regulasi Pasar', 'Statistik Sektoral', '- ', 'Dinas Penanaman Modal dan Pelayanan Terpadu Satu Pintu Kab. Barru', 'Mal Pelayanan Publik Masiga Lt.1-3 Jl.Iskandar Unru Kab. Barru\nTelepon: 	(0427) 21662\nFaksimile: 	(0427) 21662\nEmail: 	barrudpmptsptk@gmail.com', 'Eselon 1: 	-\nEselon 2: 	Kepala Dinas Penanaman Modal dan Pelayanan Terpadu Satu Pintu Kab. Barru', 'Nama: 	H. Mustamin, S.Sos.,MM\nJabatan: 	Kepala Bidang Penyelenggaraan Pelayanan Perizinan\nAlamat: 	Mal Pelayanan Publik Masiga Lt. 1-3 Jl. Iskandar Unru Kel. Coppo, Kec. Barru, Kab. Barru\nTelepon: 	0852 5643 5113\nFaksimile: 	-\nEmail: 	barrudpmptsptk@gmail.com', '2024-05-27 22:22:01.870000', '2024-05-27 22:22:03.168000', '2024-05-27 22:22:03.160000', 1, 1),
	(6, 'Pendataan Layanan Pasien Melalui SIMRS di RSUD La Patarai Kab. Barru', 2022, 'Pencacahan Lengkap', 'Kesehatan', 'Statistik Sektoral', '-', 'Rumah Sakit Umum Daerah Lapatarai', 'Jl.Lasawedi Kel Coppo Kec . Barru\nTelepon: 	0427-21221\nFaksimile: 	0427-21221\nEmail: 	barru.rsud@yahoo.go.id', 'Eselon 1: 	-\nEselon 2: 	-', 'Nama: 	drg. Hj. Ulfa Nurul Huda S, MARS\nJabatan: 	Direktur RSUD La Patarai\nAlamat: 	Jl. Lasawedi Barru\nTelepon: 	(0427) 21221\nFaksimile: 	(0427) 21221\nEmail: 	rsudlapatarai@gmail.com', '2024-05-27 22:28:09.695000', '2024-05-27 22:28:16.769000', '2024-05-27 22:28:16.765000', 1, 1),
	(7, 'Kompilasi Data Muat Tahunan Pelabuhan Garongkong Tahun 2022', 2022, 'Kompilasi Produk Administrasi', 'Transportasi', 'Statistik Sektoral', '-', 'Dinas Perhubungan Kabupaten Barru', 'Jl.H.A.Iskandar Unru No.04\nTelepon: 	-\nFaksimile: 	-\nEmail: 	dinasperhubungankabupatenbarru@g.mail.com', 'Eselon 1: 	-\nEselon 2: 	Kepala Dinas Perhubungan', 'Nama: 	Ery Satya Indradin, S.STP, M.Si\nJabatan: 	KEPALA BIDANG PRASARANA, PENGEMBANGAN DAN KESELAMATAN\nAlamat: 	Jl. H.A. Iskandar Unru No. 04\nTelepon: 	-\nFaksimile: 	-\nEmail: 	dinasperhubungankabupatenbarru@gmail.com', '2024-05-27 22:30:18.486000', '2024-05-27 22:30:19.839000', '2024-05-27 22:30:19.832000', 1, 1),
	(8, 'Kompilasi Pendataan Kader Sosial dan Karang Taruna di Kabupaten Barru', 2022, 'Kompilasi Produk Administrasi', 'Perlindungan Sosial dan Kesejahteraan', 'Statistik Sektoral', '-', 'Dinas Sosial', 'Jl.H.M.Saleh Lawa No.\nTelepon: 	08124225511\nFaksimile: 	08124225511\nEmail: 	barrudinassosial@gmail.com', 'Unit Eselon Penanggung Jawab\nEselon 1: 	Kementerian Sosial RI\nEselon 2: 	Dinas Sosial Kabupaten Barru\n', 'Nama: 	-\nJabatan: 	Kepala Bidang Pemberdayaan Sosial\nAlamat: 	Sumpang Binangae Kabupaten Barru\nTelepon: 	081245534937\nFaksimile: 	-\nEmail: 	syarifahufiah123@gmal.com', '2024-05-27 22:35:30.574000', '2024-05-27 22:35:31.525000', '2024-05-27 22:35:31.516000', 1, 1),
	(9, 'Kompilasi Data Akreditasi Satuan Pendidikan di Kabupaten Barru', 2022, 'Kompilasi Produk Administrasi', 'Pendidikan dan Pelatihan', 'Statistik Sektoral', '-', 'Dinas Pendidikan dan Kebudayaan', 'Jalan : A.A Baumaseppe no68 Kel Magempang Kec Barru\nTelepon: 	042721105\nFaksimile: 	042721105\nEmail: 	Disdik@barrukab.go.id', 'Eselon 1: 	-\nEselon 2: 	Kepala Dinas Pendidikan dan Kebudayaan Kabupaten Barru\n', 'Nama: 	H. Arkil, S.Pd, M.Ag\nJabatan: 	Kepala Bidang Pembinaan Pendidikan Dasar\nAlamat: 	Jl. A.A. BAU MASSEPE NO. 68 Kel. Mangempang Kec. Barru Kab. Barru\nTelepon: 	0427-21105\nFaksimile: 	0427-21105\nEmail: 	disdikbarru@gmail.com', '2024-05-27 23:03:03.310000', '2024-05-27 23:03:04.402000', '2024-05-27 23:03:04.393000', 1, 1),
	(10, 'Kompilasi Kepemilikan Dokumen Kependudukan', 2022, 'Kompilasi Produk Administrasi', 'Demografi dan Kependudukan', 'Statistik Sektoral', '-', 'Dinas Kependudukan dan Pencatatan Sipil Kabupaten Barru', 'Gedung Tower Mal Pelayanan Publik (MPP) Masiga Barru Lantai 1 dan 3, Jl. Sultan Hasanuddin No.82 90711\nTelepon: 	085255502055\nFaksimile: 	085255502055\nEmail: 	7311.dukcapil@gmail.com', 'Eselon 1: 	Dirjen Dukcapil\nEselon 2: 	Kepala Dinas Kependudukan dan Pencatatan Sipil Kab. Barru\n', 'Nama: 	Ahmad,SS\nJabatan: 	Kepala Bidang PIAK dan Pemanfaatan Data\nAlamat: 	Jln. Sultan Hasanuddin (MPP Lt. 1 dan Lt.3)\nTelepon: 	085255502055\nFaksimile: 	-\nEmail: 	7311.dukcapil@gmail.com', '2024-05-27 23:06:07.421000', '2024-05-27 23:06:08.210000', '2024-05-27 23:06:08.200000', 1, 1),
	(11, 'Kompilasi Data Bencana Tahun 2022', 2022, 'Kompilasi Produk Administrasi', 'Perlindungan Sosial dan Kesejahteraan', 'Statistik Sektoral', '-', 'Badan Penanggulangan Bencana Daerah Kabupaten Barru', 'Jl. Sultan Hasanuddin No. 82, Sumpang Binangae, Kec. Barru\nTelepon: 	-\nFaksimile: 	-\nEmail: 	bpbd@barrukab.go.id\n', 'Eselon 1: 	Badan Nasional Penanggulangan Bencana\nEselon 2: 	Kepala BPBD Kabupaten Barru', 'Nama: 	Hartawan, S. Sos\nJabatan: 	Sekretaris BPBD\nAlamat: 	Jln. Sultan Hasanuddin No 21 Barru\nTelepon: 	085 256 313 512\nFaksimile: 	-\nEmail: 	Bpbd@barrukab.go.id', '2024-05-27 23:10:07.010000', '2024-05-27 23:10:10.176000', '2024-05-27 23:10:10.167000', 1, 1),
	(12, 'Kompilasi Jumlah ASN Kabupaten Barru', 2022, 'Kompilasi Produk Administrasi', 'Ketenagakerjaan', 'Statistik Sektoral', '-', 'Badan Kepagawaian dan Pengembangan Sumber Daya Manusia Kabupaten Barru', 'Lantai IV Tower Kantor Bupati Barru Jl. Sultan Hasanuddin No. 82, Kelurahan Coppo, Kec. Barru, Kab. Barru, Prov. Sulawesi Selatan\nTelepon: 	-\nFaksimile: 	-\nEmail: 	bkd_barru@ymail.com', 'Eselon 1: 	-\nEselon 2: 	Kepala BKPSDM', 'Nama: 	Nur Amdan\nJabatan: 	Kepala Bidang Pengadaan, Pemberhentian dan Informasi\nAlamat: 	Lantai IV Tower Kantor Bupati Barru Jl. Sultan Hasanuddin No. 82, Kelurahan Coppo, Kec. Barru, Kab. Barru, Prov. Sulawesi Selatan\nTelepon: 	-\nFaksimile: 	-\nEmail: 	amdan11@ymail.com', '2024-05-27 23:12:47.204000', '2024-05-27 23:12:50.189000', '2024-05-27 23:12:50.183000', 1, 1),
	(13, 'Kompilasi Produksi Tanaman Perkebunan', 2022, 'Kompilasi Produk Administrasi', 'Pertanian dan Perikanan', 'Statistik Sektoral', '-', 'Dinas Pertanian dan Ketahanan Pangan', 'Jl.H.M.Saleh Lawa Kel.Supangb inangaE Kec.Barru Kab.Barru\nTelepon: 	0427-21028\nFaksimile: 	0427-21028\nEmail: 	dinaspertaniandanketapanbarru@gmail.com', 'Eselon 1: 	Dirjen Kementerian Pertanian\nEselon 2: 	Kepala Dinas Pertanian dan Ketahanan Pangan', 'Nama: 	ROSTIATY HASYIM, SP\nJabatan: 	Kepala Bidang TPH-BUN\nAlamat: 	Jl. H. M. Saleh Lawa No. 58\nTelepon: 	0427 – 21028\nFaksimile: 	0427 – 21028\nEmail: 	dinaspertaniandanketapangbarru@gmail.com', '2024-05-27 23:15:30.115000', '2024-05-27 23:15:31.077000', '2024-05-27 23:15:31.070000', 1, 1),
	(14, 'Kompilasi Data Aplikasi Se-Kabupaten barru', 2022, 'Kompilasi Produk Administrasi', 'Teknologi Informasi dan Komunikasi', 'Statistik Sektoral', '- ', 'Dinas Komunikasi Informatika Statistik dan Persandian', 'Jl.Sultan Hasanuddin No 82 Barru\nTelepon: 	0427-21920\nFaksimile: 	0427-21920\nEmail: 	diskominsta.barrukab@gmai.go.id', 'Eselon 1: 	-\nEselon 2: 	Kepala Dinas Komunikasi Informatika Statistik dan Persandian Kabupaten Barru', 'Nama: 	Ratih Nur Octavia, S.STP\nJabatan: 	Kepala Bidang Aptika\nAlamat: 	Jl. Sultan Hasanuddin No.82\nTelepon: 	0822 9116 6289\nFaksimile: 	(0427)322533\nEmail: 	diskominsta@barrukab.go.id', '2024-05-27 23:19:08.091000', '2024-05-27 23:19:09.144000', '2024-05-27 23:19:09.139000', 1, 1),
	(15, 'Kompilasi data Jumlah Kampung KB se Kabupaten Barru', 2022, 'Kompilasi Produk Administrasi', 'Demografi dan Kependudukan', 'Statistik Sektoral', '- ', 'Dinas Pemberdayaan Masyarakat Desa, Pengendalian Penduduk dan Keluarga Berencana Pemberdayaan Perempuan dan Perlindungan Anak', 'Jl. H.M. Saleh Lawa No. 38 Kel. Sumpang BinangaE Kec. Barru Kab. Barru\nTelepon: 	(0427) 21021\nFaksimile: 	(0427) 21021\nEmail: 	bpmdbarru@gmail.com', 'Eselon 1: 	-\nEselon 2: 	Kadis PMDPPKBPPPA', 'Nama: 	A. Milawaty, S.Sos, MM\nJabatan: 	Sekretaris Dinas PMDPPKBPPPA\nAlamat: 	Jl. H.M. SALEH LAWA\nTelepon: 	(0427) 21021\nFaksimile: 	(0427) 21021\nEmail: 	bpmdbarru@gmail.com', '2024-05-27 23:22:01.859000', '2024-05-27 23:22:03.280000', '2024-05-27 23:22:03.272000', 1, 1);

-- Dumping structure for table satudata_barru.files
CREATE TABLE IF NOT EXISTS `files` (
  `id` int unsigned NOT NULL AUTO_INCREMENT,
  `name` varchar(255) DEFAULT NULL,
  `alternative_text` varchar(255) DEFAULT NULL,
  `caption` varchar(255) DEFAULT NULL,
  `width` int DEFAULT NULL,
  `height` int DEFAULT NULL,
  `formats` json DEFAULT NULL,
  `hash` varchar(255) DEFAULT NULL,
  `ext` varchar(255) DEFAULT NULL,
  `mime` varchar(255) DEFAULT NULL,
  `size` decimal(10,2) DEFAULT NULL,
  `url` varchar(255) DEFAULT NULL,
  `preview_url` varchar(255) DEFAULT NULL,
  `provider` varchar(255) DEFAULT NULL,
  `provider_metadata` json DEFAULT NULL,
  `folder_path` varchar(255) DEFAULT NULL,
  `created_at` datetime(6) DEFAULT NULL,
  `updated_at` datetime(6) DEFAULT NULL,
  `created_by_id` int unsigned DEFAULT NULL,
  `updated_by_id` int unsigned DEFAULT NULL,
  PRIMARY KEY (`id`),
  KEY `upload_files_folder_path_index` (`folder_path`),
  KEY `upload_files_created_at_index` (`created_at`),
  KEY `upload_files_updated_at_index` (`updated_at`),
  KEY `upload_files_name_index` (`name`),
  KEY `upload_files_size_index` (`size`),
  KEY `upload_files_ext_index` (`ext`),
  KEY `files_created_by_id_fk` (`created_by_id`),
  KEY `files_updated_by_id_fk` (`updated_by_id`),
  CONSTRAINT `files_created_by_id_fk` FOREIGN KEY (`created_by_id`) REFERENCES `admin_users` (`id`) ON DELETE SET NULL,
  CONSTRAINT `files_updated_by_id_fk` FOREIGN KEY (`updated_by_id`) REFERENCES `admin_users` (`id`) ON DELETE SET NULL
) ENGINE=InnoDB AUTO_INCREMENT=61 DEFAULT CHARSET=utf8mb4 COLLATE=utf8mb4_0900_ai_ci;

-- Dumping data for table satudata_barru.files: ~48 rows (approximately)
INSERT INTO `files` (`id`, `name`, `alternative_text`, `caption`, `width`, `height`, `formats`, `hash`, `ext`, `mime`, `size`, `url`, `preview_url`, `provider`, `provider_metadata`, `folder_path`, `created_at`, `updated_at`, `created_by_id`, `updated_by_id`) VALUES
	(7, 'Kompilasi Pendataan Sumber daya Perikanan Tangkap ( Pengelolaan Statistik Perikanan Tangkap).pdf', NULL, NULL, NULL, NULL, NULL, 'Kompilasi_Pendataan_Sumber_daya_Perikanan_Tangkap_Pengelolaan_Statistik_Perikanan_Tangkap_9f7807e18d', '.pdf', 'application/pdf', 99.84, '/uploads/Kompilasi_Pendataan_Sumber_daya_Perikanan_Tangkap_Pengelolaan_Statistik_Perikanan_Tangkap_9f7807e18d.pdf', NULL, 'local', NULL, '/1/2', '2024-05-27 22:03:50.100000', '2024-05-27 22:03:50.100000', 1, 1),
	(8, 'Kompilasi Data Pengelolaan Keuangan Daerah.pdf', NULL, NULL, NULL, NULL, NULL, 'Kompilasi_Data_Pengelolaan_Keuangan_Daerah_674c5062b0', '.pdf', 'application/pdf', 109.09, '/uploads/Kompilasi_Data_Pengelolaan_Keuangan_Daerah_674c5062b0.pdf', NULL, 'local', NULL, '/1/2', '2024-05-27 22:03:50.102000', '2024-05-27 22:04:59.219000', 1, 1),
	(9, 'Kompilasi Pendataan Sumber daya Perikanan Tangkap ( Pengelolaan Statistik Perikanan Tangkap).xlsx', NULL, NULL, NULL, NULL, NULL, 'Kompilasi_Pendataan_Sumber_daya_Perikanan_Tangkap_Pengelolaan_Statistik_Perikanan_Tangkap_26ea3cb52e', '.xlsx', 'application/vnd.openxmlformats-officedocument.spreadsheetml.sheet', 12.50, '/uploads/Kompilasi_Pendataan_Sumber_daya_Perikanan_Tangkap_Pengelolaan_Statistik_Perikanan_Tangkap_26ea3cb52e.xlsx', NULL, 'local', NULL, '/1/3', '2024-05-27 22:04:06.827000', '2024-05-27 22:04:06.827000', 1, 1),
	(10, 'Kompilasi Data Pengelolaan Keuangan Daerah.xlsx', NULL, NULL, NULL, NULL, NULL, 'Kompilasi_Data_Pengelolaan_Keuangan_Daerah_7a386cb35e', '.xlsx', 'application/vnd.openxmlformats-officedocument.spreadsheetml.sheet', 13.73, '/uploads/Kompilasi_Data_Pengelolaan_Keuangan_Daerah_7a386cb35e.xlsx', NULL, 'local', NULL, '/1/3', '2024-05-27 22:04:06.835000', '2024-05-27 22:04:06.835000', 1, 1),
	(11, 'Survey Tingkat Kegemaran Membaca Masyarakat Kabupaten Barru.pdf', NULL, NULL, NULL, NULL, NULL, 'Survey_Tingkat_Kegemaran_Membaca_Masyarakat_Kabupaten_Barru_2d9557331c', '.pdf', 'application/pdf', 105.20, '/uploads/Survey_Tingkat_Kegemaran_Membaca_Masyarakat_Kabupaten_Barru_2d9557331c.pdf', NULL, 'local', NULL, '/1/2', '2024-05-27 22:08:45.321000', '2024-05-27 22:08:45.321000', 1, 1),
	(12, 'Survey Tingkat Kegemaran Membaca Masyarakat Kabupaten Barru.xlsx', NULL, NULL, NULL, NULL, NULL, 'Survey_Tingkat_Kegemaran_Membaca_Masyarakat_Kabupaten_Barru_97a8c409a6', '.xlsx', 'application/vnd.openxmlformats-officedocument.spreadsheetml.sheet', 13.33, '/uploads/Survey_Tingkat_Kegemaran_Membaca_Masyarakat_Kabupaten_Barru_97a8c409a6.xlsx', NULL, 'local', NULL, '/1/3', '2024-05-27 22:09:06.485000', '2024-05-27 22:09:06.485000', 1, 1),
	(13, 'KOMPILASI DATA KRIMINAL SE KABUPATEN BARRU.pdf', NULL, NULL, NULL, NULL, NULL, 'KOMPILASI_DATA_KRIMINAL_SE_KABUPATEN_BARRU_19e4c9510b', '.pdf', 'application/pdf', 119.66, '/uploads/KOMPILASI_DATA_KRIMINAL_SE_KABUPATEN_BARRU_19e4c9510b.pdf', NULL, 'local', NULL, '/1/2', '2024-05-27 22:11:20.338000', '2024-05-27 22:11:20.338000', 1, 1),
	(14, 'KOMPILASI DATA KRIMINAL SE KABUPATEN BARRU.xlsx', NULL, NULL, NULL, NULL, NULL, 'KOMPILASI_DATA_KRIMINAL_SE_KABUPATEN_BARRU_da1975fa6e', '.xlsx', 'application/vnd.openxmlformats-officedocument.spreadsheetml.sheet', 14.81, '/uploads/KOMPILASI_DATA_KRIMINAL_SE_KABUPATEN_BARRU_da1975fa6e.xlsx', NULL, 'local', NULL, '/1/3', '2024-05-27 22:11:38.911000', '2024-05-27 22:11:38.911000', 1, 1),
	(15, 'Survei Kepuasan Masyarakat.pdf', NULL, NULL, NULL, NULL, NULL, 'Survei_Kepuasan_Masyarakat_3f7664bad9', '.pdf', 'application/pdf', 100.98, '/uploads/Survei_Kepuasan_Masyarakat_3f7664bad9.pdf', NULL, 'local', NULL, '/1/2', '2024-05-27 22:21:47.417000', '2024-05-27 22:21:47.417000', 1, 1),
	(16, 'Survei Kepuasan Masyarakat.xlsx', NULL, NULL, NULL, NULL, NULL, 'Survei_Kepuasan_Masyarakat_830d8fba4f', '.xlsx', 'application/vnd.openxmlformats-officedocument.spreadsheetml.sheet', 12.76, '/uploads/Survei_Kepuasan_Masyarakat_830d8fba4f.xlsx', NULL, 'local', NULL, '/1/3', '2024-05-27 22:21:59.306000', '2024-05-27 22:21:59.306000', 1, 1),
	(18, 'Pendataan Layanan Pasien Melalui SIMRS di RSUD La Patarai Kab. Barru.xlsx', NULL, NULL, NULL, NULL, NULL, 'Pendataan_Layanan_Pasien_Melalui_SIMRS_di_RSUD_La_Patarai_Kab_Barru_0b9a449115', '.xlsx', 'application/vnd.openxmlformats-officedocument.spreadsheetml.sheet', 12.87, '/uploads/Pendataan_Layanan_Pasien_Melalui_SIMRS_di_RSUD_La_Patarai_Kab_Barru_0b9a449115.xlsx', NULL, 'local', NULL, '/1/3', '2024-05-27 22:27:15.671000', '2024-05-27 22:27:15.671000', 1, 1),
	(19, 'Pendataan Layanan Pasien Melalui SIMRS di RSUD La Patarai Kab. Barru.pdf', NULL, NULL, NULL, NULL, NULL, 'Pendataan_Layanan_Pasien_Melalui_SIMRS_di_RSUD_La_Patarai_Kab_Barru_65bcf60856', '.pdf', 'application/pdf', 107.65, '/uploads/Pendataan_Layanan_Pasien_Melalui_SIMRS_di_RSUD_La_Patarai_Kab_Barru_65bcf60856.pdf', NULL, 'local', NULL, '/1/2', '2024-05-27 22:28:07.442000', '2024-05-27 22:28:07.442000', 1, 1),
	(20, 'Kompilasi Data Muat Tahunan Pelabuhan Garongkong Tahun 2022.pdf', NULL, NULL, NULL, NULL, NULL, 'Kompilasi_Data_Muat_Tahunan_Pelabuhan_Garongkong_Tahun_2022_c7323512d7', '.pdf', 'application/pdf', 105.64, '/uploads/Kompilasi_Data_Muat_Tahunan_Pelabuhan_Garongkong_Tahun_2022_c7323512d7.pdf', NULL, 'local', NULL, '/1/2', '2024-05-27 22:29:56.833000', '2024-05-27 22:29:56.833000', 1, 1),
	(21, 'Kompilasi Data Muat Tahunan Pelabuhan Garongkong Tahun 2022.xlsx', NULL, NULL, NULL, NULL, NULL, 'Kompilasi_Data_Muat_Tahunan_Pelabuhan_Garongkong_Tahun_2022_440cf3daa1', '.xlsx', 'application/vnd.openxmlformats-officedocument.spreadsheetml.sheet', 13.24, '/uploads/Kompilasi_Data_Muat_Tahunan_Pelabuhan_Garongkong_Tahun_2022_440cf3daa1.xlsx', NULL, 'local', NULL, '/1/3', '2024-05-27 22:30:15.329000', '2024-05-27 22:30:15.329000', 1, 1),
	(22, 'Kompilasi Pendataan Kader Sosial dan Karang Taruna di Kabupaten.pdf', NULL, NULL, NULL, NULL, NULL, 'Kompilasi_Pendataan_Kader_Sosial_dan_Karang_Taruna_di_Kabupaten_f11d6f138a', '.pdf', 'application/pdf', 101.19, '/uploads/Kompilasi_Pendataan_Kader_Sosial_dan_Karang_Taruna_di_Kabupaten_f11d6f138a.pdf', NULL, 'local', NULL, '/1/2', '2024-05-27 22:35:01.347000', '2024-05-27 22:35:01.347000', 1, 1),
	(23, 'Kompilasi Pendataan Kader Sosial dan Karang Taruna di Kabupaten.xlsx', NULL, NULL, NULL, NULL, NULL, 'Kompilasi_Pendataan_Kader_Sosial_dan_Karang_Taruna_di_Kabupaten_b53766d315', '.xlsx', 'application/vnd.openxmlformats-officedocument.spreadsheetml.sheet', 12.73, '/uploads/Kompilasi_Pendataan_Kader_Sosial_dan_Karang_Taruna_di_Kabupaten_b53766d315.xlsx', NULL, 'local', NULL, '/1/3', '2024-05-27 22:35:19.272000', '2024-05-27 22:35:19.272000', 1, 1),
	(24, 'Kompilasi Data Akreditasi Satuan Pendidikan di Kabupaten Barru.pdf', NULL, NULL, NULL, NULL, NULL, 'Kompilasi_Data_Akreditasi_Satuan_Pendidikan_di_Kabupaten_Barru_a71f851d54', '.pdf', 'application/pdf', 105.12, '/uploads/Kompilasi_Data_Akreditasi_Satuan_Pendidikan_di_Kabupaten_Barru_a71f851d54.pdf', NULL, 'local', NULL, '/1/2', '2024-05-27 23:02:38.992000', '2024-05-27 23:02:38.992000', 1, 1),
	(25, 'Kompilasi Data Akreditasi Satuan Pendidikan di Kabupaten Barru.xlsx', NULL, NULL, NULL, NULL, NULL, 'Kompilasi_Data_Akreditasi_Satuan_Pendidikan_di_Kabupaten_Barru_00d3b5c5a9', '.xlsx', 'application/vnd.openxmlformats-officedocument.spreadsheetml.sheet', 13.02, '/uploads/Kompilasi_Data_Akreditasi_Satuan_Pendidikan_di_Kabupaten_Barru_00d3b5c5a9.xlsx', NULL, 'local', NULL, '/1/3', '2024-05-27 23:02:58.852000', '2024-05-27 23:02:58.852000', 1, 1),
	(26, 'Kompilasi Kepemilikan Dokumen Kependudukan.pdf', NULL, NULL, NULL, NULL, NULL, 'Kompilasi_Kepemilikan_Dokumen_Kependudukan_8dae54d971', '.pdf', 'application/pdf', 107.08, '/uploads/Kompilasi_Kepemilikan_Dokumen_Kependudukan_8dae54d971.pdf', NULL, 'local', NULL, '/1/2', '2024-05-27 23:05:02.821000', '2024-05-27 23:05:02.821000', 1, 1),
	(27, 'Kompilasi Kepemilikan Dokumen Kependudukan.xlsx', NULL, NULL, NULL, NULL, NULL, 'Kompilasi_Kepemilikan_Dokumen_Kependudukan_d1180ef491', '.xlsx', 'application/vnd.openxmlformats-officedocument.spreadsheetml.sheet', 12.95, '/uploads/Kompilasi_Kepemilikan_Dokumen_Kependudukan_d1180ef491.xlsx', NULL, 'local', NULL, '/1/3', '2024-05-27 23:05:27.442000', '2024-05-27 23:05:27.442000', 1, 1),
	(28, 'Kompilasi Data Bencana Tahun 2022.pdf', NULL, NULL, NULL, NULL, NULL, 'Kompilasi_Data_Bencana_Tahun_2022_ad5956da39', '.pdf', 'application/pdf', 109.69, '/uploads/Kompilasi_Data_Bencana_Tahun_2022_ad5956da39.pdf', NULL, 'local', NULL, '/1/2', '2024-05-27 23:09:47.562000', '2024-05-27 23:09:47.562000', 1, 1),
	(29, 'Kompilasi Data Bencana Tahun 2022.xlsx', NULL, NULL, NULL, NULL, NULL, 'Kompilasi_Data_Bencana_Tahun_2022_df792b3187', '.xlsx', 'application/vnd.openxmlformats-officedocument.spreadsheetml.sheet', 13.29, '/uploads/Kompilasi_Data_Bencana_Tahun_2022_df792b3187.xlsx', NULL, 'local', NULL, '/1/3', '2024-05-27 23:10:03.734000', '2024-05-27 23:10:03.734000', 1, 1),
	(30, 'Kompilasi Jumlah ASN Kabupaten Barru.pdf', NULL, NULL, NULL, NULL, NULL, 'Kompilasi_Jumlah_ASN_Kabupaten_Barru_02c922e5d0', '.pdf', 'application/pdf', 111.21, '/uploads/Kompilasi_Jumlah_ASN_Kabupaten_Barru_02c922e5d0.pdf', NULL, 'local', NULL, '/1/2', '2024-05-27 23:12:11.046000', '2024-05-27 23:12:11.046000', 1, 1),
	(31, 'Kompilasi Jumlah ASN Kabupaten Barru.xlsx', NULL, NULL, NULL, NULL, NULL, 'Kompilasi_Jumlah_ASN_Kabupaten_Barru_4397a672fe', '.xlsx', 'application/vnd.openxmlformats-officedocument.spreadsheetml.sheet', 13.28, '/uploads/Kompilasi_Jumlah_ASN_Kabupaten_Barru_4397a672fe.xlsx', NULL, 'local', NULL, '/1/3', '2024-05-27 23:12:42.197000', '2024-05-27 23:12:42.197000', 1, 1),
	(32, 'Kompilasi Produksi Tanaman Perkebunan.pdf', NULL, NULL, NULL, NULL, NULL, 'Kompilasi_Produksi_Tanaman_Perkebunan_bdb3dcd6fb', '.pdf', 'application/pdf', 109.20, '/uploads/Kompilasi_Produksi_Tanaman_Perkebunan_bdb3dcd6fb.pdf', NULL, 'local', NULL, '/1/2', '2024-05-27 23:15:05.532000', '2024-05-27 23:15:05.532000', 1, 1),
	(33, 'Kompilasi Produksi Tanaman Perkebunan.xlsx', NULL, NULL, NULL, NULL, NULL, 'Kompilasi_Produksi_Tanaman_Perkebunan_d680902db1', '.xlsx', 'application/vnd.openxmlformats-officedocument.spreadsheetml.sheet', 13.67, '/uploads/Kompilasi_Produksi_Tanaman_Perkebunan_d680902db1.xlsx', NULL, 'local', NULL, '/1/3', '2024-05-27 23:15:25.994000', '2024-05-27 23:15:25.994000', 1, 1),
	(34, 'Kompilasi Data Aplikasi Se-Kabupaten barru.pdf', NULL, NULL, NULL, NULL, NULL, 'Kompilasi_Data_Aplikasi_Se_Kabupaten_barru_2861b94a3b', '.pdf', 'application/pdf', 104.23, '/uploads/Kompilasi_Data_Aplikasi_Se_Kabupaten_barru_2861b94a3b.pdf', NULL, 'local', NULL, '/1/2', '2024-05-27 23:18:27.827000', '2024-05-27 23:18:27.827000', 1, 1),
	(35, 'Kompilasi Data Aplikasi Se-Kabupaten barru.xlsx', NULL, NULL, NULL, NULL, NULL, 'Kompilasi_Data_Aplikasi_Se_Kabupaten_barru_c3278018b3', '.xlsx', 'application/vnd.openxmlformats-officedocument.spreadsheetml.sheet', 13.16, '/uploads/Kompilasi_Data_Aplikasi_Se_Kabupaten_barru_c3278018b3.xlsx', NULL, 'local', NULL, '/1/3', '2024-05-27 23:18:53.119000', '2024-05-27 23:19:03.464000', 1, 1),
	(36, 'Kompilasi data Jumlah Kampung KB se Kabupaten Barru.pdf', NULL, NULL, NULL, NULL, NULL, 'Kompilasi_data_Jumlah_Kampung_KB_se_Kabupaten_Barru_ee15d9b057', '.pdf', 'application/pdf', 101.89, '/uploads/Kompilasi_data_Jumlah_Kampung_KB_se_Kabupaten_Barru_ee15d9b057.pdf', NULL, 'local', NULL, '/1/2', '2024-05-27 23:21:42.437000', '2024-05-27 23:21:42.437000', 1, 1),
	(37, 'Kompilasi data Jumlah Kampung KB se Kabupaten Barru.xlsx', NULL, NULL, NULL, NULL, NULL, 'Kompilasi_data_Jumlah_Kampung_KB_se_Kabupaten_Barru_98d4c37769', '.xlsx', 'application/vnd.openxmlformats-officedocument.spreadsheetml.sheet', 13.10, '/uploads/Kompilasi_data_Jumlah_Kampung_KB_se_Kabupaten_Barru_98d4c37769.xlsx', NULL, 'local', NULL, '/1/3', '2024-05-27 23:21:57.322000', '2024-05-27 23:21:57.322000', 1, 1),
	(39, 'Produk Domestik Regional Bruto Kabupaten Barru Menurut Pengeluaran 2019-2023.pdf', NULL, NULL, NULL, NULL, NULL, 'Produk_Domestik_Regional_Bruto_Kabupaten_Barru_Menurut_Pengeluaran_2019_2023_67f1b57009', '.pdf', 'application/pdf', 2371.23, '/uploads/Produk_Domestik_Regional_Bruto_Kabupaten_Barru_Menurut_Pengeluaran_2019_2023_67f1b57009.pdf', NULL, 'local', NULL, '/4/5', '2024-05-28 00:56:49.223000', '2024-05-28 00:56:49.223000', 1, 1),
	(41, 'Produk Domestik Regional Bruto', NULL, NULL, 500, 707, '{"small": {"ext": ".jpg", "url": "/uploads/small_get_Image_Cover_51b83926d9.jpg", "hash": "small_get_Image_Cover_51b83926d9", "mime": "image/jpeg", "name": "small_getImageCover.jpg", "path": null, "size": 21.08, "width": 354, "height": 500, "sizeInBytes": 21078}, "thumbnail": {"ext": ".jpg", "url": "/uploads/thumbnail_get_Image_Cover_51b83926d9.jpg", "hash": "thumbnail_get_Image_Cover_51b83926d9", "mime": "image/jpeg", "name": "thumbnail_getImageCover.jpg", "path": null, "size": 3.82, "width": 110, "height": 156, "sizeInBytes": 3818}}', 'get_Image_Cover_51b83926d9', '.jpg', 'image/jpeg', 35.61, '/uploads/get_Image_Cover_51b83926d9.jpg', NULL, 'local', NULL, '/4/6', '2024-05-28 00:57:21.020000', '2024-05-28 01:12:47.443000', 1, 1),
	(42, 'Industri Mikro Dan Kecil', NULL, NULL, 500, 710, '{"small": {"ext": ".jpg", "url": "/uploads/small_get_Image_Cover_1_4d392a47ce.jpg", "hash": "small_get_Image_Cover_1_4d392a47ce", "mime": "image/jpeg", "name": "small_getImageCover (1).jpg", "path": null, "size": 23.41, "width": 352, "height": 500, "sizeInBytes": 23408}, "thumbnail": {"ext": ".jpg", "url": "/uploads/thumbnail_get_Image_Cover_1_4d392a47ce.jpg", "hash": "thumbnail_get_Image_Cover_1_4d392a47ce", "mime": "image/jpeg", "name": "thumbnail_getImageCover (1).jpg", "path": null, "size": 4.97, "width": 110, "height": 156, "sizeInBytes": 4974}}', 'get_Image_Cover_1_4d392a47ce', '.jpg', 'image/jpeg', 36.26, '/uploads/get_Image_Cover_1_4d392a47ce.jpg', NULL, 'local', NULL, '/4/6', '2024-05-28 01:10:37.440000', '2024-05-28 01:13:02.480000', 1, 1),
	(43, 'Produk Domestik Regional Bruto.jpg', NULL, NULL, 500, 707, '{"small": {"ext": ".jpg", "url": "/uploads/small_Produk_Domestik_Regional_Bruto_3516c036df.jpg", "hash": "small_Produk_Domestik_Regional_Bruto_3516c036df", "mime": "image/jpeg", "name": "small_Produk Domestik Regional Bruto.jpg", "path": null, "size": 23.52, "width": 354, "height": 500, "sizeInBytes": 23516}, "thumbnail": {"ext": ".jpg", "url": "/uploads/thumbnail_Produk_Domestik_Regional_Bruto_3516c036df.jpg", "hash": "thumbnail_Produk_Domestik_Regional_Bruto_3516c036df", "mime": "image/jpeg", "name": "thumbnail_Produk Domestik Regional Bruto.jpg", "path": null, "size": 4.29, "width": 110, "height": 156, "sizeInBytes": 4290}}', 'Produk_Domestik_Regional_Bruto_3516c036df', '.jpg', 'image/jpeg', 39.21, '/uploads/Produk_Domestik_Regional_Bruto_3516c036df.jpg', NULL, 'local', NULL, '/4/6', '2024-05-28 01:15:29.001000', '2024-05-28 05:21:24.846000', 1, 1),
	(44, 'Kabupaten Barru Dalam Angka Barru Regency 2024.jpg', NULL, NULL, 500, 710, '{"small": {"ext": ".jpg", "url": "/uploads/small_Kabupaten_Barru_Dalam_Angka_Barru_Regency_2024_b2c403fcab.jpg", "hash": "small_Kabupaten_Barru_Dalam_Angka_Barru_Regency_2024_b2c403fcab", "mime": "image/jpeg", "name": "small_Kabupaten Barru Dalam Angka Barru Regency 2024.jpg", "path": null, "size": 30.69, "width": 352, "height": 500, "sizeInBytes": 30687}, "thumbnail": {"ext": ".jpg", "url": "/uploads/thumbnail_Kabupaten_Barru_Dalam_Angka_Barru_Regency_2024_b2c403fcab.jpg", "hash": "thumbnail_Kabupaten_Barru_Dalam_Angka_Barru_Regency_2024_b2c403fcab", "mime": "image/jpeg", "name": "thumbnail_Kabupaten Barru Dalam Angka Barru Regency 2024.jpg", "path": null, "size": 4.62, "width": 110, "height": 156, "sizeInBytes": 4624}}', 'Kabupaten_Barru_Dalam_Angka_Barru_Regency_2024_b2c403fcab', '.jpg', 'image/jpeg', 52.01, '/uploads/Kabupaten_Barru_Dalam_Angka_Barru_Regency_2024_b2c403fcab.jpg', NULL, 'local', NULL, '/4/6', '2024-05-28 01:18:34.882000', '2024-05-28 01:18:34.882000', 1, 1),
	(45, 'Laporan Kinerja.jpg', NULL, NULL, 500, 706, '{"small": {"ext": ".jpg", "url": "/uploads/small_Laporan_Kinerja_d026ba69f2.jpg", "hash": "small_Laporan_Kinerja_d026ba69f2", "mime": "image/jpeg", "name": "small_Laporan Kinerja.jpg", "path": null, "size": 16.57, "width": 354, "height": 500, "sizeInBytes": 16566}, "thumbnail": {"ext": ".jpg", "url": "/uploads/thumbnail_Laporan_Kinerja_d026ba69f2.jpg", "hash": "thumbnail_Laporan_Kinerja_d026ba69f2", "mime": "image/jpeg", "name": "thumbnail_Laporan Kinerja.jpg", "path": null, "size": 3.64, "width": 110, "height": 156, "sizeInBytes": 3640}}', 'Laporan_Kinerja_d026ba69f2', '.jpg', 'image/jpeg', 25.71, '/uploads/Laporan_Kinerja_d026ba69f2.jpg', NULL, 'local', NULL, '/4/6', '2024-05-28 01:21:15.863000', '2024-05-28 01:21:29.728000', 1, 1),
	(46, 'Sosial ekomi kabupaten Barru.jpg', NULL, NULL, 500, 706, '{"small": {"ext": ".jpg", "url": "/uploads/small_Sosial_ekomi_kabupaten_Barru_797d9ae15c.jpg", "hash": "small_Sosial_ekomi_kabupaten_Barru_797d9ae15c", "mime": "image/jpeg", "name": "small_Sosial ekomi kabupaten Barru.jpg", "path": null, "size": 33.77, "width": 354, "height": 500, "sizeInBytes": 33772}, "thumbnail": {"ext": ".jpg", "url": "/uploads/thumbnail_Sosial_ekomi_kabupaten_Barru_797d9ae15c.jpg", "hash": "thumbnail_Sosial_ekomi_kabupaten_Barru_797d9ae15c", "mime": "image/jpeg", "name": "thumbnail_Sosial ekomi kabupaten Barru.jpg", "path": null, "size": 6.25, "width": 110, "height": 156, "sizeInBytes": 6248}}', 'Sosial_ekomi_kabupaten_Barru_797d9ae15c', '.jpg', 'image/jpeg', 53.23, '/uploads/Sosial_ekomi_kabupaten_Barru_797d9ae15c.jpg', NULL, 'local', NULL, '/4/6', '2024-05-28 01:24:52.291000', '2024-05-28 01:24:52.291000', 1, 1),
	(47, 'Profil Kesehatan Kabupaten Barru.jpg', NULL, NULL, 500, 706, '{"small": {"ext": ".jpg", "url": "/uploads/small_Profil_Kesehatan_Kabupaten_Barru_e1f6d74107.jpg", "hash": "small_Profil_Kesehatan_Kabupaten_Barru_e1f6d74107", "mime": "image/jpeg", "name": "small_Profil Kesehatan Kabupaten Barru.jpg", "path": null, "size": 22.64, "width": 354, "height": 500, "sizeInBytes": 22638}, "thumbnail": {"ext": ".jpg", "url": "/uploads/thumbnail_Profil_Kesehatan_Kabupaten_Barru_e1f6d74107.jpg", "hash": "thumbnail_Profil_Kesehatan_Kabupaten_Barru_e1f6d74107", "mime": "image/jpeg", "name": "thumbnail_Profil Kesehatan Kabupaten Barru.jpg", "path": null, "size": 4.42, "width": 110, "height": 156, "sizeInBytes": 4419}}', 'Profil_Kesehatan_Kabupaten_Barru_e1f6d74107', '.jpg', 'image/jpeg', 34.87, '/uploads/Profil_Kesehatan_Kabupaten_Barru_e1f6d74107.jpg', NULL, 'local', NULL, '/4/6', '2024-05-28 01:30:58.455000', '2024-05-28 01:30:58.455000', 1, 1),
	(48, 'Statistik Kesejahteraan Rakyat kabupaten Barru 2023.jpg', NULL, NULL, 500, 706, '{"small": {"ext": ".jpg", "url": "/uploads/small_Statistik_Kesejahteraan_Rakyat_kabupaten_Barru_2023_e7f9fb2b63.jpg", "hash": "small_Statistik_Kesejahteraan_Rakyat_kabupaten_Barru_2023_e7f9fb2b63", "mime": "image/jpeg", "name": "small_Statistik Kesejahteraan Rakyat kabupaten Barru 2023.jpg", "path": null, "size": 22.4, "width": 354, "height": 500, "sizeInBytes": 22399}, "thumbnail": {"ext": ".jpg", "url": "/uploads/thumbnail_Statistik_Kesejahteraan_Rakyat_kabupaten_Barru_2023_e7f9fb2b63.jpg", "hash": "thumbnail_Statistik_Kesejahteraan_Rakyat_kabupaten_Barru_2023_e7f9fb2b63", "mime": "image/jpeg", "name": "thumbnail_Statistik Kesejahteraan Rakyat kabupaten Barru 2023.jpg", "path": null, "size": 4.09, "width": 110, "height": 156, "sizeInBytes": 4088}}', 'Statistik_Kesejahteraan_Rakyat_kabupaten_Barru_2023_e7f9fb2b63', '.jpg', 'image/jpeg', 35.34, '/uploads/Statistik_Kesejahteraan_Rakyat_kabupaten_Barru_2023_e7f9fb2b63.jpg', NULL, 'local', NULL, '/4/6', '2024-05-28 01:34:22.768000', '2024-05-28 14:14:33.967000', 1, 1),
	(49, 'Indikator Ekonomi Kabupaten Barru.jpg', NULL, NULL, 500, 710, '{"small": {"ext": ".jpg", "url": "/uploads/small_Indikator_Ekonomi_Kabupaten_Barru_72d3be905b.jpg", "hash": "small_Indikator_Ekonomi_Kabupaten_Barru_72d3be905b", "mime": "image/jpeg", "name": "small_Indikator Ekonomi Kabupaten Barru.jpg", "path": null, "size": 26.23, "width": 352, "height": 500, "sizeInBytes": 26233}, "thumbnail": {"ext": ".jpg", "url": "/uploads/thumbnail_Indikator_Ekonomi_Kabupaten_Barru_72d3be905b.jpg", "hash": "thumbnail_Indikator_Ekonomi_Kabupaten_Barru_72d3be905b", "mime": "image/jpeg", "name": "thumbnail_Indikator Ekonomi Kabupaten Barru.jpg", "path": null, "size": 4.72, "width": 110, "height": 156, "sizeInBytes": 4717}}', 'Indikator_Ekonomi_Kabupaten_Barru_72d3be905b', '.jpg', 'image/jpeg', 44.36, '/uploads/Indikator_Ekonomi_Kabupaten_Barru_72d3be905b.jpg', NULL, 'local', NULL, '/4/6', '2024-05-28 01:35:50.392000', '2024-05-28 01:35:50.392000', 1, 1),
	(50, 'Indikator Ekonomi Kabupaten barru 2018-2022.pdf', NULL, NULL, NULL, NULL, NULL, 'Indikator_Ekonomi_Kabupaten_barru_2018_2022_26a87d5217', '.pdf', 'application/pdf', 14358.59, '/uploads/Indikator_Ekonomi_Kabupaten_barru_2018_2022_26a87d5217.pdf', NULL, 'local', NULL, '/4/5', '2024-05-28 01:40:28.501000', '2024-05-28 01:40:28.501000', 1, 1),
	(51, 'Hasil Pencacahan Lengkap Sensus Pertanian 2023.jpg', NULL, NULL, 500, 710, '{"small": {"ext": ".jpg", "url": "/uploads/small_Hasil_Pencacahan_Lengkap_Sensus_Pertanian_2023_61bfcf0738.jpg", "hash": "small_Hasil_Pencacahan_Lengkap_Sensus_Pertanian_2023_61bfcf0738", "mime": "image/jpeg", "name": "small_Hasil Pencacahan Lengkap Sensus Pertanian 2023.jpg", "path": null, "size": 36.22, "width": 352, "height": 500, "sizeInBytes": 36224}, "thumbnail": {"ext": ".jpg", "url": "/uploads/thumbnail_Hasil_Pencacahan_Lengkap_Sensus_Pertanian_2023_61bfcf0738.jpg", "hash": "thumbnail_Hasil_Pencacahan_Lengkap_Sensus_Pertanian_2023_61bfcf0738", "mime": "image/jpeg", "name": "thumbnail_Hasil Pencacahan Lengkap Sensus Pertanian 2023.jpg", "path": null, "size": 5.7, "width": 110, "height": 156, "sizeInBytes": 5699}}', 'Hasil_Pencacahan_Lengkap_Sensus_Pertanian_2023_61bfcf0738', '.jpg', 'image/jpeg', 62.58, '/uploads/Hasil_Pencacahan_Lengkap_Sensus_Pertanian_2023_61bfcf0738.jpg', NULL, 'local', NULL, '/4/6', '2024-05-28 01:42:10.075000', '2024-05-28 01:42:10.075000', 1, 1),
	(52, 'HASIL PENCACAHAN LENGKAP.pdf', NULL, NULL, NULL, NULL, NULL, 'HASIL_PENCACAHAN_LENGKAP_00eddf555b', '.pdf', 'application/pdf', 6117.08, '/uploads/HASIL_PENCACAHAN_LENGKAP_00eddf555b.pdf', NULL, 'local', NULL, '/4/5', '2024-05-28 01:42:30.672000', '2024-05-28 01:42:30.672000', 1, 1),
	(53, 'Sosial Ekonomi Kabupaten Barru.pdf', NULL, NULL, NULL, NULL, NULL, 'Sosial_Ekonomi_Kabupaten_Barru_77ae98a801', '.pdf', 'application/pdf', 14377.25, '/uploads/Sosial_Ekonomi_Kabupaten_Barru_77ae98a801.pdf', NULL, 'local', NULL, '/4/5', '2024-05-28 01:45:24.869000', '2024-05-28 01:45:24.869000', 1, 1),
	(54, 'Kabupaten Barru Dalam Angka 2024.pdf', NULL, NULL, NULL, NULL, NULL, 'Kabupaten_Barru_Dalam_Angka_2024_af823e5601', '.pdf', 'application/pdf', 9280.50, '/uploads/Kabupaten_Barru_Dalam_Angka_2024_af823e5601.pdf', NULL, 'local', NULL, '/4/5', '2024-05-28 01:46:25.651000', '2024-05-28 01:46:25.651000', 1, 1),
	(55, 'Laporan Kinerja BPS Kabupaten Barru 2023.pdf', NULL, NULL, NULL, NULL, NULL, 'Laporan_Kinerja_BPS_Kabupaten_Barru_2023_ebfb436717', '.pdf', 'application/pdf', 2981.94, '/uploads/Laporan_Kinerja_BPS_Kabupaten_Barru_2023_ebfb436717.pdf', NULL, 'local', NULL, '/4/5', '2024-05-28 01:48:05.967000', '2024-05-28 01:48:05.967000', 1, 1),
	(56, 'Produk Domestik Regional Bruto Kabupaten Barru Menurut Pengeluaran 2019-2023.pdf', NULL, NULL, NULL, NULL, NULL, 'Produk_Domestik_Regional_Bruto_Kabupaten_Barru_Menurut_Pengeluaran_2019_2023_ad12f7dd40', '.pdf', 'application/pdf', 2371.23, '/uploads/Produk_Domestik_Regional_Bruto_Kabupaten_Barru_Menurut_Pengeluaran_2019_2023_ad12f7dd40.pdf', NULL, 'local', NULL, '/4/5', '2024-05-28 01:49:22.420000', '2024-05-28 01:49:22.420000', 1, 1),
	(57, 'Profil Industri Mikro dan Kecil Kabupaten Barru 2022.pdf', NULL, NULL, NULL, NULL, NULL, 'Profil_Industri_Mikro_dan_Kecil_Kabupaten_Barru_2022_5107c68d3b', '.pdf', 'application/pdf', 1288.75, '/uploads/Profil_Industri_Mikro_dan_Kecil_Kabupaten_Barru_2022_5107c68d3b.pdf', NULL, 'local', NULL, '/4/5', '2024-05-28 01:50:17.765000', '2024-05-28 01:50:17.765000', 1, 1),
	(58, 'Profil Kesehatan Kabupaten Barru 2022.pdf', NULL, NULL, NULL, NULL, NULL, 'Profil_Kesehatan_Kabupaten_Barru_2022_cb6237ecf7', '.pdf', 'application/pdf', 2057.66, '/uploads/Profil_Kesehatan_Kabupaten_Barru_2022_cb6237ecf7.pdf', NULL, 'local', NULL, '/4/5', '2024-05-28 01:51:09.397000', '2024-05-28 14:14:44.717000', 1, 1),
	(59, 'Statistik Kesejahteraan Rakyat Kabupaten Barru 2023.pdf', NULL, NULL, NULL, NULL, NULL, 'Statistik_Kesejahteraan_Rakyat_Kabupaten_Barru_2023_7738eeaef2', '.pdf', 'application/pdf', 15246.67, '/uploads/Statistik_Kesejahteraan_Rakyat_Kabupaten_Barru_2023_7738eeaef2.pdf', NULL, 'local', NULL, '/4/5', '2024-05-28 01:52:11.436000', '2024-05-28 01:52:11.436000', 1, 1),
	(60, 'bad-request.jpg', NULL, NULL, 3126, 4697, '{"large": {"ext": ".jpg", "url": "/uploads/large_bad_request_9d7f627786.jpg", "hash": "large_bad_request_9d7f627786", "mime": "image/jpeg", "name": "large_bad-request.jpg", "path": null, "size": 73.9, "width": 666, "height": 1000, "sizeInBytes": 73896}, "small": {"ext": ".jpg", "url": "/uploads/small_bad_request_9d7f627786.jpg", "hash": "small_bad_request_9d7f627786", "mime": "image/jpeg", "name": "small_bad-request.jpg", "path": null, "size": 21.01, "width": 332, "height": 500, "sizeInBytes": 21006}, "medium": {"ext": ".jpg", "url": "/uploads/medium_bad_request_9d7f627786.jpg", "hash": "medium_bad_request_9d7f627786", "mime": "image/jpeg", "name": "medium_bad-request.jpg", "path": null, "size": 43.63, "width": 499, "height": 750, "sizeInBytes": 43634}, "thumbnail": {"ext": ".jpg", "url": "/uploads/thumbnail_bad_request_9d7f627786.jpg", "hash": "thumbnail_bad_request_9d7f627786", "mime": "image/jpeg", "name": "thumbnail_bad-request.jpg", "path": null, "size": 3.14, "width": 104, "height": 156, "sizeInBytes": 3140}}', 'bad_request_9d7f627786', '.jpg', 'image/jpeg', 379.37, '/uploads/bad_request_9d7f627786.jpg', NULL, 'local', NULL, '/', '2024-05-28 05:19:44.918000', '2024-05-28 05:19:44.918000', 1, 1);

-- Dumping structure for table satudata_barru.files_folder_links
CREATE TABLE IF NOT EXISTS `files_folder_links` (
  `id` int unsigned NOT NULL AUTO_INCREMENT,
  `file_id` int unsigned DEFAULT NULL,
  `folder_id` int unsigned DEFAULT NULL,
  `file_order` double unsigned DEFAULT NULL,
  PRIMARY KEY (`id`),
  UNIQUE KEY `files_folder_links_unique` (`file_id`,`folder_id`),
  KEY `files_folder_links_fk` (`file_id`),
  KEY `files_folder_links_inv_fk` (`folder_id`),
  KEY `files_folder_links_order_inv_fk` (`file_order`),
  CONSTRAINT `files_folder_links_fk` FOREIGN KEY (`file_id`) REFERENCES `files` (`id`) ON DELETE CASCADE,
  CONSTRAINT `files_folder_links_inv_fk` FOREIGN KEY (`folder_id`) REFERENCES `upload_folders` (`id`) ON DELETE CASCADE
) ENGINE=InnoDB AUTO_INCREMENT=65 DEFAULT CHARSET=utf8mb4 COLLATE=utf8mb4_0900_ai_ci;

-- Dumping data for table satudata_barru.files_folder_links: ~49 rows (approximately)
INSERT INTO `files_folder_links` (`id`, `file_id`, `folder_id`, `file_order`) VALUES
	(1, 7, 3, 1),
	(2, 8, 3, 1),
	(3, 9, 4, 1),
	(4, 10, 4, 1),
	(6, 11, 3, 2),
	(7, 12, 4, 2),
	(8, 13, 3, 3),
	(9, 14, 4, 3),
	(10, 15, 3, 4),
	(11, 16, 4, 4),
	(13, 18, 4, 6),
	(14, 19, 3, 5),
	(15, 20, 3, 6),
	(16, 21, 4, 7),
	(17, 22, 3, 7),
	(18, 23, 4, 8),
	(19, 24, 3, 8),
	(20, 25, 4, 9),
	(21, 26, 3, 9),
	(22, 27, 4, 10),
	(23, 28, 3, 10),
	(24, 29, 4, 11),
	(25, 30, 3, 11),
	(26, 31, 4, 12),
	(27, 32, 3, 12),
	(28, 33, 4, 13),
	(29, 34, 3, 13),
	(30, 35, 4, 14),
	(32, 36, 3, 14),
	(33, 37, 4, 15),
	(35, 39, 6, 1),
	(37, 41, 7, 2),
	(39, 42, 7, 3),
	(43, 43, 7, 4),
	(45, 44, 7, 5),
	(46, 45, 7, 6),
	(48, 46, 7, 7),
	(49, 47, 7, 8),
	(50, 48, 7, 9),
	(51, 49, 7, 10),
	(52, 50, 6, 2),
	(53, 51, 7, 11),
	(54, 52, 6, 3),
	(55, 53, 6, 4),
	(56, 54, 6, 5),
	(57, 55, 6, 6),
	(58, 56, 6, 7),
	(59, 57, 6, 8),
	(60, 58, 6, 9),
	(61, 59, 6, 10);

-- Dumping structure for table satudata_barru.files_related_morphs
CREATE TABLE IF NOT EXISTS `files_related_morphs` (
  `id` int unsigned NOT NULL AUTO_INCREMENT,
  `file_id` int unsigned DEFAULT NULL,
  `related_id` int unsigned DEFAULT NULL,
  `related_type` varchar(255) DEFAULT NULL,
  `field` varchar(255) DEFAULT NULL,
  `order` double unsigned DEFAULT NULL,
  PRIMARY KEY (`id`),
  KEY `files_related_morphs_fk` (`file_id`),
  KEY `files_related_morphs_order_index` (`order`),
  KEY `files_related_morphs_id_column_index` (`related_id`),
  CONSTRAINT `files_related_morphs_fk` FOREIGN KEY (`file_id`) REFERENCES `files` (`id`) ON DELETE CASCADE
) ENGINE=InnoDB AUTO_INCREMENT=74 DEFAULT CHARSET=utf8mb4 COLLATE=utf8mb4_0900_ai_ci;

-- Dumping data for table satudata_barru.files_related_morphs: ~50 rows (approximately)
INSERT INTO `files_related_morphs` (`id`, `file_id`, `related_id`, `related_type`, `field`, `order`) VALUES
	(7, 8, 2, 'api::dataset.dataset', 'pdf', 1),
	(8, 10, 2, 'api::dataset.dataset', 'csv', 1),
	(9, 7, 1, 'api::dataset.dataset', 'pdf', 1),
	(10, 9, 1, 'api::dataset.dataset', 'csv', 1),
	(11, 11, 3, 'api::dataset.dataset', 'pdf', 1),
	(12, 12, 3, 'api::dataset.dataset', 'csv', 1),
	(13, 13, 4, 'api::dataset.dataset', 'pdf', 1),
	(14, 14, 4, 'api::dataset.dataset', 'csv', 1),
	(15, 15, 5, 'api::dataset.dataset', 'pdf', 1),
	(16, 16, 5, 'api::dataset.dataset', 'csv', 1),
	(17, 19, 6, 'api::dataset.dataset', 'pdf', 1),
	(18, 18, 6, 'api::dataset.dataset', 'csv', 1),
	(19, 20, 7, 'api::dataset.dataset', 'pdf', 1),
	(20, 21, 7, 'api::dataset.dataset', 'csv', 1),
	(21, 22, 8, 'api::dataset.dataset', 'pdf', 1),
	(22, 23, 8, 'api::dataset.dataset', 'csv', 1),
	(23, 24, 9, 'api::dataset.dataset', 'pdf', 1),
	(24, 25, 9, 'api::dataset.dataset', 'csv', 1),
	(25, 26, 10, 'api::dataset.dataset', 'pdf', 1),
	(26, 27, 10, 'api::dataset.dataset', 'csv', 1),
	(27, 28, 11, 'api::dataset.dataset', 'pdf', 1),
	(28, 29, 11, 'api::dataset.dataset', 'csv', 1),
	(29, 30, 12, 'api::dataset.dataset', 'pdf', 1),
	(30, 31, 12, 'api::dataset.dataset', 'csv', 1),
	(31, 32, 13, 'api::dataset.dataset', 'pdf', 1),
	(32, 33, 13, 'api::dataset.dataset', 'csv', 1),
	(33, 34, 14, 'api::dataset.dataset', 'pdf', 1),
	(34, 35, 14, 'api::dataset.dataset', 'csv', 1),
	(35, 36, 15, 'api::dataset.dataset', 'pdf', 1),
	(36, 37, 15, 'api::dataset.dataset', 'csv', 1),
	(51, 52, 10, 'api::publikasi.publikasi', 'pdf', 1),
	(52, 51, 10, 'api::publikasi.publikasi', 'image', 1),
	(53, 50, 9, 'api::publikasi.publikasi', 'pdf', 1),
	(54, 49, 9, 'api::publikasi.publikasi', 'image', 1),
	(55, 53, 6, 'api::publikasi.publikasi', 'pdf', 1),
	(56, 46, 6, 'api::publikasi.publikasi', 'image', 1),
	(57, 54, 4, 'api::publikasi.publikasi', 'pdf', 1),
	(58, 44, 4, 'api::publikasi.publikasi', 'image', 1),
	(59, 55, 5, 'api::publikasi.publikasi', 'pdf', 1),
	(60, 45, 5, 'api::publikasi.publikasi', 'image', 1),
	(61, 56, 3, 'api::publikasi.publikasi', 'pdf', 1),
	(62, 43, 3, 'api::publikasi.publikasi', 'image', 1),
	(63, 57, 2, 'api::publikasi.publikasi', 'pdf', 1),
	(64, 42, 2, 'api::publikasi.publikasi', 'image', 1),
	(65, 58, 7, 'api::publikasi.publikasi', 'pdf', 1),
	(66, 47, 7, 'api::publikasi.publikasi', 'image', 1),
	(67, 59, 8, 'api::publikasi.publikasi', 'pdf', 1),
	(68, 48, 8, 'api::publikasi.publikasi', 'image', 1),
	(71, 39, 1, 'api::publikasi.publikasi', 'pdf', 1),
	(72, 58, 11, 'api::publikasi.publikasi', 'pdf', 1),
	(73, 48, 11, 'api::publikasi.publikasi', 'image', 1);

-- Dumping structure for table satudata_barru.i18n_locale
CREATE TABLE IF NOT EXISTS `i18n_locale` (
  `id` int unsigned NOT NULL AUTO_INCREMENT,
  `name` varchar(255) DEFAULT NULL,
  `code` varchar(255) DEFAULT NULL,
  `created_at` datetime(6) DEFAULT NULL,
  `updated_at` datetime(6) DEFAULT NULL,
  `created_by_id` int unsigned DEFAULT NULL,
  `updated_by_id` int unsigned DEFAULT NULL,
  PRIMARY KEY (`id`),
  KEY `i18n_locale_created_by_id_fk` (`created_by_id`),
  KEY `i18n_locale_updated_by_id_fk` (`updated_by_id`),
  CONSTRAINT `i18n_locale_created_by_id_fk` FOREIGN KEY (`created_by_id`) REFERENCES `admin_users` (`id`) ON DELETE SET NULL,
  CONSTRAINT `i18n_locale_updated_by_id_fk` FOREIGN KEY (`updated_by_id`) REFERENCES `admin_users` (`id`) ON DELETE SET NULL
) ENGINE=InnoDB AUTO_INCREMENT=2 DEFAULT CHARSET=utf8mb4 COLLATE=utf8mb4_0900_ai_ci;

-- Dumping data for table satudata_barru.i18n_locale: ~0 rows (approximately)
INSERT INTO `i18n_locale` (`id`, `name`, `code`, `created_at`, `updated_at`, `created_by_id`, `updated_by_id`) VALUES
	(1, 'English (en)', 'en', '2024-05-27 21:36:55.664000', '2024-05-27 21:36:55.664000', NULL, NULL);

-- Dumping structure for table satudata_barru.publikasis
CREATE TABLE IF NOT EXISTS `publikasis` (
  `id` int unsigned NOT NULL AUTO_INCREMENT,
  `judul` varchar(255) DEFAULT NULL,
  `nomor_katalog` varchar(255) DEFAULT NULL,
  `nomor_publikasi` varchar(255) DEFAULT NULL,
  `issn_isbn` varchar(255) DEFAULT NULL,
  `tanggal_rilis` date DEFAULT NULL,
  `deskripsi` longtext,
  `created_at` datetime(6) DEFAULT NULL,
  `updated_at` datetime(6) DEFAULT NULL,
  `published_at` datetime(6) DEFAULT NULL,
  `created_by_id` int unsigned DEFAULT NULL,
  `updated_by_id` int unsigned DEFAULT NULL,
  PRIMARY KEY (`id`),
  KEY `publikasis_created_by_id_fk` (`created_by_id`),
  KEY `publikasis_updated_by_id_fk` (`updated_by_id`),
  CONSTRAINT `publikasis_created_by_id_fk` FOREIGN KEY (`created_by_id`) REFERENCES `admin_users` (`id`) ON DELETE SET NULL,
  CONSTRAINT `publikasis_updated_by_id_fk` FOREIGN KEY (`updated_by_id`) REFERENCES `admin_users` (`id`) ON DELETE SET NULL
) ENGINE=InnoDB AUTO_INCREMENT=12 DEFAULT CHARSET=utf8mb4 COLLATE=utf8mb4_0900_ai_ci;

-- Dumping data for table satudata_barru.publikasis: ~8 rows (approximately)
INSERT INTO `publikasis` (`id`, `judul`, `nomor_katalog`, `nomor_publikasi`, `issn_isbn`, `tanggal_rilis`, `deskripsi`, `created_at`, `updated_at`, `published_at`, `created_by_id`, `updated_by_id`) VALUES
	(1, 'Produk Domestik Regional Bruto Kabupaten Barru Menurut Pengeluaran 2019-2023', '9302020.7310', '73100.24005', '2797-5002', '2024-04-30', 'Produk Domestik Regional Bruto (PDRB) merupakan salah satu indikator ekonomi yang dapat digunakan untuk mengevaluasi kinerja pembangunan ekonomi suatu wilayah (provinsi maupun kabupaten/kota). Perangkat data PDRB dapat pula digunakan untuk kepentingan dan tujuan lain, seperti sebagai dasar pengembangan model-model ekonomi dalam rangka menyusun formulasi kebijakan, tingkat percepatan uang beredar (velocity of money), pendalaman sektor keuangan (finacial deepening), penetapan pajak, kajian ekspor dan impor dan sebagainya. Penghitungan PDRB dapat dilakukan melalui tiga pendekatan, yaitu : pendekatan produksi/penyediaan (PDRB menurut Lapangan Usaha/industry), pendekatan pengeluaran/permintaan akhir (PDRB menurut Pengeluaran /expenditure) serta pendekatan pendapatan (PDRB menurut pendapatan/income). Ketiga pendekatan penghitungan tersebut secara teori akan menghasilkan angka PDRB yang sama. Publikasi ini secara khusus membahas mengenai PDRB menurut pendekatan pengeluaran/permintaan akhir. Pendekatan ini dirinci menjadi beberapa komponen, yaitu: Pengeluaran Konsumsi Rumah Tangga, Pengeluaran Konsumsi Lembaga Non Profit yang Melayani Rumah Tangga, Pengeluaran Konsumsi Pemerintah, Investasi (Pembentukan Modal Tetap Bruto dan Perubahan Inventori), serta Ekspor Neto Antar Daerah (ekspor antar daerah dikurangi dengan impor antar daerah). Data PDRB dalam publikasi ini serta publikasi-publikasi selanjutnya mengunakan tahun dasar 2010, serta sudah menerapkan konsepSystem of National Accounts 2008seperti yang direkomendasikan olehUnited Nations.', '2024-05-28 00:57:26.748000', '2024-05-28 05:21:35.136000', '2024-05-28 00:59:31.347000', 1, 1),
	(2, 'Profil Industri Mikro dan Kecil Kabupaten Barru 2022', '6104006.7310', '73100.24006', '- ', '2024-04-29', 'Publikasi Profil Industri Mikro dan Kecil Kabupaten Barru 2022 menyajikan data hasil pelaksanaan Survei Industri Mikro dan Kecil (IMK) Tahun 2022 yang merupakan kegiatan rutin tahunan oleh Badan Pusat Statistik. Data yang disajikan dalam publikasi ini yaitu data banyaknya usaha industri pengolahan skala mikro dan kecil, tenaga kerja, balas jasa pekerja, pendapatan, permodalan, kesulitan usaha, pelayanan dan bimbingan usaha, serta distribusi pemasaran. Publikasi ini dilengkapi pula dengan ulasan singkat sehingga diharapkan pengguna data bisa lebih memahami data yang disajikan.\n', '2024-05-28 01:10:00.633000', '2024-05-28 01:50:21.074000', '2024-05-28 01:50:21.068000', 1, 1),
	(3, 'Produk Domestik Regional Bruto Kabupaten Barru Menurut Lapangan Usaha 2019-2023', '9302008.7310', '73100.24004', '2797-6211', '2024-04-04', 'Untuk keperluan perencanaan, evaluasi dan penentuan kebijakan pembangunan suatu daerah, dibutuhkan berbagai data statistik. Salah satu diantaranya adalah data Produk Domestik Regional Bruto (PDRB). Dalam rangka memenuhi kebutuhan data tersebut, BPS Kabupaten Barru telah menghitung PDRB tahun 2022 dengan angka konstannya menggunakan tahun dasar 2010.Diharapkan, publikasi ini akan banyak membantu berbagai pihak terutama Pemerintah Daerah Kabupaten Barru dan instansi lainnya maupun kalangan swasta, untuk perencanaan dan evaluasi pembangunan daerah Kabupaten Barru.\n', '2024-05-28 01:15:51.152000', '2024-05-28 01:49:35.876000', '2024-05-28 01:49:35.870000', 1, 1),
	(4, 'Kabupaten Barru Dalam Angka 2024', '1102001.7310', '73100.24003', '0215-6547', '2024-02-28', 'Kabupaten Barru Dalam Angka 2024 merupakan publikasi tahunan yang diterbitkan oleh BPS Kabupaten Kabupaten Barru. Publikasi ini menyajikan beragam jenis data yang bersumber dari BPS dan institusi lain. Terdapat beberapa data dalam pubikasi ini diantaranya gambaran umum tentang keadaan geografi dan iklim, pemerintahan, serta perkembangan sosial demografi dan perekonomian di Kabupaten Barru. Untuk menyamakan persepsi disertakan juga penjelasan teknis dari setiap jenis statistik yang disajikan.', '2024-05-28 01:18:40.727000', '2024-05-28 01:46:30.533000', '2024-05-28 01:46:30.528000', 1, 1),
	(5, 'Laporan Kinerja BPS Kabupaten Barru 2023', '1203012.7310', '73100.24002', '-', '2024-05-19', 'Laporan Kinerja BPS Kabupaten Barru 2023 merupakan wujud pertanggungjawaban dan akuntabilitas kinerja BPS Kabupaten Barru sebagai penyelenggara negara. Hal ini berguna untuk menciptakan transparansi kinerja BPS sehingga dapat menjaga kepercayaan masyarakat terhadap BPS. Di dalam laporan kinerja BPS 2023 tertuang hasil capaian kinerja BPS sepanjang tahun 2023. Hasil laporan ini diharapkan menjadi bahan evaluasi dan perbaikan untuk mencapai kinerja yang lebih optimal di tahun mendatang.\n', '2024-05-28 01:21:40.046000', '2024-05-28 01:48:09.806000', '2024-05-28 01:48:09.799000', 1, 1),
	(6, 'Indikator makro Sosial Ekonomi Kabupaten barru 2022', '9201012.7310', '73100.24001', '-', '2024-01-11', 'akro Sosial Ekonomi Kabupaten Barru Tahun 2021 merupakan sebuah publikasi yang meyajikan berbagai indikator yang menjadi potret kondisi social dan ekonomi di Kabupaten Barru di tahun 2021 dan perbandingannya dibeberapa tahun yang lalu secara makro. Adapun data yang tercakup dalam publikasi mengenai data kependudukan dan tenaga kerja, pembangunan manusia, PDRB dan pertumbuhan ekonomi serta kemiskinan, yang dikemas dalam bentuk grafik dan tabel yang memudahkan dalam penggunaannya.', '2024-05-28 01:25:13.555000', '2024-05-28 01:45:28.736000', '2024-05-28 01:45:28.731000', 1, 1),
	(7, 'Profil Kesehatan Kabupaten Barru 2022', '4201003.7310', '73100.2329', '- ', '2023-12-29', 'Profil Kesehatan Kabupaten Barru merupakan publikasi yang menyajikan gambaran umum kesehatan penduduk di Kabupaten Barru. Informasi yang disajikan dalam publikasi ini berasal dari hasil Survei Sosial Ekonomi Nasional Susenas) yang dilaksanakan bulan Maret oleh BPS setiap tahunnya. Pada publikasi ini dapat diperoleh informasi mengenai angka kesakitan, penggunaan jaminan kesehatan, kebiasaan merokok, kesehatan ibu dan bayi, serta keluarga berencana.', '2024-05-28 01:31:01.500000', '2024-05-28 01:51:12.545000', '2024-05-28 01:51:12.540000', 1, 1),
	(8, 'Statistik Kesejahteraan Rakyat Kabupaten Barru 2023', '4101002.7310', '73100.2328', '2598-1846', '2023-12-28', 'Publikasi Statistik Kesejahteraan Rakyat Tahun 2023 ini menggambarkan kondisi penduduk Kabupaten Barru dalam bidang Kependudukan, Pendidikan, Kesehatan, Fertilitas dan KB, Perumahan,Penggunaan teknologi infromasi dan komunikasi, Program perlindungan sosial yang diterima penduduk, Aset yang dimiliki, dan Konsumsi rata-rata penduduk Kabupaten Barru. Selain itu juga ditambahkan informasi tentang Potensi Kapabilitas Dasar Penduduk Kabupaten Barru yang berisi tentang ulasan Angka Partisipasi Sekolah Penduduk Kabupaten Barru.', '2024-05-28 01:34:25.501000', '2024-05-28 01:52:15.062000', '2024-05-28 01:52:15.058000', 1, 1),
	(9, 'Indikator Ekonomi Kabupaten Barru Tahun 2018-2022', '9201001.7310', '73100.23267', '-', '2023-12-21', 'Indikator Ekonomi Kabupaten Barru Tahun 2018-2022 merupakan sebuah publikasi yang meyajikan berbagai indikator tentang kegiatan perekonomian di Kabupaten Barru selama tahun 2018-2022. Publikasi ini dikemas dalam infografis yang dapat memberikan kemudahan bagi pengguna data dalam menginterpretasikan data atau informasi perekonomian. Berbagai data yang dirilis dalam publikasi ini antara lain meliputi: nilai Produk Domestik Regional Bruto (PDRB), inflasi, pengangguran, Indeks Pembangunan Manusia (IPM) dan kemiskinan.', '2024-05-28 01:35:52.177000', '2024-05-28 01:44:28.975000', '2024-05-28 01:44:28.970000', 1, 1),
	(10, 'Hasil Pencacahan Lengkap Sensus Pertanian 2023 - Tahap I Kabupaten Barru', '5106043.7310', '73100.2326', '-', '2024-12-15', 'Publikasi ini memuat informasi mengenai penjelasan umum Sensus Pertanian 2023, rumah tangga usaha pertanian dan klasifikasi usaha pertanian, demografi pengelola usaha pertanian, lahan pertanian dan penggunaan pupuk, petani gurem, petani milenial dan urban farming, serta komoditas pertanian.', '2024-05-28 01:42:33.795000', '2024-05-28 01:43:45.010000', '2024-05-28 01:43:45.004000', 1, 1),
	(11, 'Produk Domestik Regional Bruto Kabupaten Barru Menurut Pengeluaran 2019-2023', '9302020.7310', '73100.24005', '2797-5002', '2024-04-29', 'gljjjjjjjjjjjjjjjjjjjjjjjjjjjjjjjjjjjjjjjjjjjjllllllllllllllk', '2024-05-28 14:14:49.539000', '2024-05-28 14:14:51.459000', '2024-05-28 14:14:51.448000', 1, 1);

-- Dumping structure for table satudata_barru.strapi_api_tokens
CREATE TABLE IF NOT EXISTS `strapi_api_tokens` (
  `id` int unsigned NOT NULL AUTO_INCREMENT,
  `name` varchar(255) DEFAULT NULL,
  `description` varchar(255) DEFAULT NULL,
  `type` varchar(255) DEFAULT NULL,
  `access_key` varchar(255) DEFAULT NULL,
  `last_used_at` datetime(6) DEFAULT NULL,
  `expires_at` datetime(6) DEFAULT NULL,
  `lifespan` bigint DEFAULT NULL,
  `created_at` datetime(6) DEFAULT NULL,
  `updated_at` datetime(6) DEFAULT NULL,
  `created_by_id` int unsigned DEFAULT NULL,
  `updated_by_id` int unsigned DEFAULT NULL,
  PRIMARY KEY (`id`),
  KEY `strapi_api_tokens_created_by_id_fk` (`created_by_id`),
  KEY `strapi_api_tokens_updated_by_id_fk` (`updated_by_id`),
  CONSTRAINT `strapi_api_tokens_created_by_id_fk` FOREIGN KEY (`created_by_id`) REFERENCES `admin_users` (`id`) ON DELETE SET NULL,
  CONSTRAINT `strapi_api_tokens_updated_by_id_fk` FOREIGN KEY (`updated_by_id`) REFERENCES `admin_users` (`id`) ON DELETE SET NULL
) ENGINE=InnoDB DEFAULT CHARSET=utf8mb4 COLLATE=utf8mb4_0900_ai_ci;

-- Dumping data for table satudata_barru.strapi_api_tokens: ~0 rows (approximately)

-- Dumping structure for table satudata_barru.strapi_api_token_permissions
CREATE TABLE IF NOT EXISTS `strapi_api_token_permissions` (
  `id` int unsigned NOT NULL AUTO_INCREMENT,
  `action` varchar(255) DEFAULT NULL,
  `created_at` datetime(6) DEFAULT NULL,
  `updated_at` datetime(6) DEFAULT NULL,
  `created_by_id` int unsigned DEFAULT NULL,
  `updated_by_id` int unsigned DEFAULT NULL,
  PRIMARY KEY (`id`),
  KEY `strapi_api_token_permissions_created_by_id_fk` (`created_by_id`),
  KEY `strapi_api_token_permissions_updated_by_id_fk` (`updated_by_id`),
  CONSTRAINT `strapi_api_token_permissions_created_by_id_fk` FOREIGN KEY (`created_by_id`) REFERENCES `admin_users` (`id`) ON DELETE SET NULL,
  CONSTRAINT `strapi_api_token_permissions_updated_by_id_fk` FOREIGN KEY (`updated_by_id`) REFERENCES `admin_users` (`id`) ON DELETE SET NULL
) ENGINE=InnoDB DEFAULT CHARSET=utf8mb4 COLLATE=utf8mb4_0900_ai_ci;

-- Dumping data for table satudata_barru.strapi_api_token_permissions: ~0 rows (approximately)

-- Dumping structure for table satudata_barru.strapi_api_token_permissions_token_links
CREATE TABLE IF NOT EXISTS `strapi_api_token_permissions_token_links` (
  `id` int unsigned NOT NULL AUTO_INCREMENT,
  `api_token_permission_id` int unsigned DEFAULT NULL,
  `api_token_id` int unsigned DEFAULT NULL,
  `api_token_permission_order` double unsigned DEFAULT NULL,
  PRIMARY KEY (`id`),
  UNIQUE KEY `strapi_api_token_permissions_token_links_unique` (`api_token_permission_id`,`api_token_id`),
  KEY `strapi_api_token_permissions_token_links_fk` (`api_token_permission_id`),
  KEY `strapi_api_token_permissions_token_links_inv_fk` (`api_token_id`),
  KEY `strapi_api_token_permissions_token_links_order_inv_fk` (`api_token_permission_order`),
  CONSTRAINT `strapi_api_token_permissions_token_links_fk` FOREIGN KEY (`api_token_permission_id`) REFERENCES `strapi_api_token_permissions` (`id`) ON DELETE CASCADE,
  CONSTRAINT `strapi_api_token_permissions_token_links_inv_fk` FOREIGN KEY (`api_token_id`) REFERENCES `strapi_api_tokens` (`id`) ON DELETE CASCADE
) ENGINE=InnoDB DEFAULT CHARSET=utf8mb4 COLLATE=utf8mb4_0900_ai_ci;

-- Dumping data for table satudata_barru.strapi_api_token_permissions_token_links: ~0 rows (approximately)

-- Dumping structure for table satudata_barru.strapi_core_store_settings
CREATE TABLE IF NOT EXISTS `strapi_core_store_settings` (
  `id` int unsigned NOT NULL AUTO_INCREMENT,
  `key` varchar(255) DEFAULT NULL,
  `value` longtext,
  `type` varchar(255) DEFAULT NULL,
  `environment` varchar(255) DEFAULT NULL,
  `tag` varchar(255) DEFAULT NULL,
  PRIMARY KEY (`id`)
) ENGINE=InnoDB AUTO_INCREMENT=31 DEFAULT CHARSET=utf8mb4 COLLATE=utf8mb4_0900_ai_ci;

-- Dumping data for table satudata_barru.strapi_core_store_settings: ~28 rows (approximately)
INSERT INTO `strapi_core_store_settings` (`id`, `key`, `value`, `type`, `environment`, `tag`) VALUES
	(1, 'strapi_content_types_schema', '{"admin::permission":{"collectionName":"admin_permissions","info":{"name":"Permission","description":"","singularName":"permission","pluralName":"permissions","displayName":"Permission"},"options":{},"pluginOptions":{"content-manager":{"visible":false},"content-type-builder":{"visible":false}},"attributes":{"action":{"type":"string","minLength":1,"configurable":false,"required":true},"actionParameters":{"type":"json","configurable":false,"required":false,"default":{}},"subject":{"type":"string","minLength":1,"configurable":false,"required":false},"properties":{"type":"json","configurable":false,"required":false,"default":{}},"conditions":{"type":"json","configurable":false,"required":false,"default":[]},"role":{"configurable":false,"type":"relation","relation":"manyToOne","inversedBy":"permissions","target":"admin::role"},"createdAt":{"type":"datetime"},"updatedAt":{"type":"datetime"},"createdBy":{"type":"relation","relation":"oneToOne","target":"admin::user","configurable":false,"writable":false,"visible":false,"useJoinTable":false,"private":true},"updatedBy":{"type":"relation","relation":"oneToOne","target":"admin::user","configurable":false,"writable":false,"visible":false,"useJoinTable":false,"private":true}},"kind":"collectionType","__schema__":{"collectionName":"admin_permissions","info":{"name":"Permission","description":"","singularName":"permission","pluralName":"permissions","displayName":"Permission"},"options":{},"pluginOptions":{"content-manager":{"visible":false},"content-type-builder":{"visible":false}},"attributes":{"action":{"type":"string","minLength":1,"configurable":false,"required":true},"actionParameters":{"type":"json","configurable":false,"required":false,"default":{}},"subject":{"type":"string","minLength":1,"configurable":false,"required":false},"properties":{"type":"json","configurable":false,"required":false,"default":{}},"conditions":{"type":"json","configurable":false,"required":false,"default":[]},"role":{"configurable":false,"type":"relation","relation":"manyToOne","inversedBy":"permissions","target":"admin::role"}},"kind":"collectionType"},"modelType":"contentType","modelName":"permission","connection":"default","uid":"admin::permission","plugin":"admin","globalId":"AdminPermission"},"admin::user":{"collectionName":"admin_users","info":{"name":"User","description":"","singularName":"user","pluralName":"users","displayName":"User"},"pluginOptions":{"content-manager":{"visible":false},"content-type-builder":{"visible":false}},"attributes":{"firstname":{"type":"string","unique":false,"minLength":1,"configurable":false,"required":false},"lastname":{"type":"string","unique":false,"minLength":1,"configurable":false,"required":false},"username":{"type":"string","unique":false,"configurable":false,"required":false},"email":{"type":"email","minLength":6,"configurable":false,"required":true,"unique":true,"private":true},"password":{"type":"password","minLength":6,"configurable":false,"required":false,"private":true,"searchable":false},"resetPasswordToken":{"type":"string","configurable":false,"private":true,"searchable":false},"registrationToken":{"type":"string","configurable":false,"private":true,"searchable":false},"isActive":{"type":"boolean","default":false,"configurable":false,"private":true},"roles":{"configurable":false,"private":true,"type":"relation","relation":"manyToMany","inversedBy":"users","target":"admin::role","collectionName":"strapi_users_roles"},"blocked":{"type":"boolean","default":false,"configurable":false,"private":true},"preferedLanguage":{"type":"string","configurable":false,"required":false,"searchable":false},"createdAt":{"type":"datetime"},"updatedAt":{"type":"datetime"},"createdBy":{"type":"relation","relation":"oneToOne","target":"admin::user","configurable":false,"writable":false,"visible":false,"useJoinTable":false,"private":true},"updatedBy":{"type":"relation","relation":"oneToOne","target":"admin::user","configurable":false,"writable":false,"visible":false,"useJoinTable":false,"private":true}},"config":{"attributes":{"resetPasswordToken":{"hidden":true},"registrationToken":{"hidden":true}}},"kind":"collectionType","__schema__":{"collectionName":"admin_users","info":{"name":"User","description":"","singularName":"user","pluralName":"users","displayName":"User"},"pluginOptions":{"content-manager":{"visible":false},"content-type-builder":{"visible":false}},"attributes":{"firstname":{"type":"string","unique":false,"minLength":1,"configurable":false,"required":false},"lastname":{"type":"string","unique":false,"minLength":1,"configurable":false,"required":false},"username":{"type":"string","unique":false,"configurable":false,"required":false},"email":{"type":"email","minLength":6,"configurable":false,"required":true,"unique":true,"private":true},"password":{"type":"password","minLength":6,"configurable":false,"required":false,"private":true,"searchable":false},"resetPasswordToken":{"type":"string","configurable":false,"private":true,"searchable":false},"registrationToken":{"type":"string","configurable":false,"private":true,"searchable":false},"isActive":{"type":"boolean","default":false,"configurable":false,"private":true},"roles":{"configurable":false,"private":true,"type":"relation","relation":"manyToMany","inversedBy":"users","target":"admin::role","collectionName":"strapi_users_roles"},"blocked":{"type":"boolean","default":false,"configurable":false,"private":true},"preferedLanguage":{"type":"string","configurable":false,"required":false,"searchable":false}},"kind":"collectionType"},"modelType":"contentType","modelName":"user","connection":"default","uid":"admin::user","plugin":"admin","globalId":"AdminUser"},"admin::role":{"collectionName":"admin_roles","info":{"name":"Role","description":"","singularName":"role","pluralName":"roles","displayName":"Role"},"options":{},"pluginOptions":{"content-manager":{"visible":false},"content-type-builder":{"visible":false}},"attributes":{"name":{"type":"string","minLength":1,"unique":true,"configurable":false,"required":true},"code":{"type":"string","minLength":1,"unique":true,"configurable":false,"required":true},"description":{"type":"string","configurable":false},"users":{"configurable":false,"type":"relation","relation":"manyToMany","mappedBy":"roles","target":"admin::user"},"permissions":{"configurable":false,"type":"relation","relation":"oneToMany","mappedBy":"role","target":"admin::permission"},"createdAt":{"type":"datetime"},"updatedAt":{"type":"datetime"},"createdBy":{"type":"relation","relation":"oneToOne","target":"admin::user","configurable":false,"writable":false,"visible":false,"useJoinTable":false,"private":true},"updatedBy":{"type":"relation","relation":"oneToOne","target":"admin::user","configurable":false,"writable":false,"visible":false,"useJoinTable":false,"private":true}},"kind":"collectionType","__schema__":{"collectionName":"admin_roles","info":{"name":"Role","description":"","singularName":"role","pluralName":"roles","displayName":"Role"},"options":{},"pluginOptions":{"content-manager":{"visible":false},"content-type-builder":{"visible":false}},"attributes":{"name":{"type":"string","minLength":1,"unique":true,"configurable":false,"required":true},"code":{"type":"string","minLength":1,"unique":true,"configurable":false,"required":true},"description":{"type":"string","configurable":false},"users":{"configurable":false,"type":"relation","relation":"manyToMany","mappedBy":"roles","target":"admin::user"},"permissions":{"configurable":false,"type":"relation","relation":"oneToMany","mappedBy":"role","target":"admin::permission"}},"kind":"collectionType"},"modelType":"contentType","modelName":"role","connection":"default","uid":"admin::role","plugin":"admin","globalId":"AdminRole"},"admin::api-token":{"collectionName":"strapi_api_tokens","info":{"name":"Api Token","singularName":"api-token","pluralName":"api-tokens","displayName":"Api Token","description":""},"options":{},"pluginOptions":{"content-manager":{"visible":false},"content-type-builder":{"visible":false}},"attributes":{"name":{"type":"string","minLength":1,"configurable":false,"required":true,"unique":true},"description":{"type":"string","minLength":1,"configurable":false,"required":false,"default":""},"type":{"type":"enumeration","enum":["read-only","full-access","custom"],"configurable":false,"required":true,"default":"read-only"},"accessKey":{"type":"string","minLength":1,"configurable":false,"required":true,"searchable":false},"lastUsedAt":{"type":"datetime","configurable":false,"required":false},"permissions":{"type":"relation","target":"admin::api-token-permission","relation":"oneToMany","mappedBy":"token","configurable":false,"required":false},"expiresAt":{"type":"datetime","configurable":false,"required":false},"lifespan":{"type":"biginteger","configurable":false,"required":false},"createdAt":{"type":"datetime"},"updatedAt":{"type":"datetime"},"createdBy":{"type":"relation","relation":"oneToOne","target":"admin::user","configurable":false,"writable":false,"visible":false,"useJoinTable":false,"private":true},"updatedBy":{"type":"relation","relation":"oneToOne","target":"admin::user","configurable":false,"writable":false,"visible":false,"useJoinTable":false,"private":true}},"kind":"collectionType","__schema__":{"collectionName":"strapi_api_tokens","info":{"name":"Api Token","singularName":"api-token","pluralName":"api-tokens","displayName":"Api Token","description":""},"options":{},"pluginOptions":{"content-manager":{"visible":false},"content-type-builder":{"visible":false}},"attributes":{"name":{"type":"string","minLength":1,"configurable":false,"required":true,"unique":true},"description":{"type":"string","minLength":1,"configurable":false,"required":false,"default":""},"type":{"type":"enumeration","enum":["read-only","full-access","custom"],"configurable":false,"required":true,"default":"read-only"},"accessKey":{"type":"string","minLength":1,"configurable":false,"required":true,"searchable":false},"lastUsedAt":{"type":"datetime","configurable":false,"required":false},"permissions":{"type":"relation","target":"admin::api-token-permission","relation":"oneToMany","mappedBy":"token","configurable":false,"required":false},"expiresAt":{"type":"datetime","configurable":false,"required":false},"lifespan":{"type":"biginteger","configurable":false,"required":false}},"kind":"collectionType"},"modelType":"contentType","modelName":"api-token","connection":"default","uid":"admin::api-token","plugin":"admin","globalId":"AdminApiToken"},"admin::api-token-permission":{"collectionName":"strapi_api_token_permissions","info":{"name":"API Token Permission","description":"","singularName":"api-token-permission","pluralName":"api-token-permissions","displayName":"API Token Permission"},"options":{},"pluginOptions":{"content-manager":{"visible":false},"content-type-builder":{"visible":false}},"attributes":{"action":{"type":"string","minLength":1,"configurable":false,"required":true},"token":{"configurable":false,"type":"relation","relation":"manyToOne","inversedBy":"permissions","target":"admin::api-token"},"createdAt":{"type":"datetime"},"updatedAt":{"type":"datetime"},"createdBy":{"type":"relation","relation":"oneToOne","target":"admin::user","configurable":false,"writable":false,"visible":false,"useJoinTable":false,"private":true},"updatedBy":{"type":"relation","relation":"oneToOne","target":"admin::user","configurable":false,"writable":false,"visible":false,"useJoinTable":false,"private":true}},"kind":"collectionType","__schema__":{"collectionName":"strapi_api_token_permissions","info":{"name":"API Token Permission","description":"","singularName":"api-token-permission","pluralName":"api-token-permissions","displayName":"API Token Permission"},"options":{},"pluginOptions":{"content-manager":{"visible":false},"content-type-builder":{"visible":false}},"attributes":{"action":{"type":"string","minLength":1,"configurable":false,"required":true},"token":{"configurable":false,"type":"relation","relation":"manyToOne","inversedBy":"permissions","target":"admin::api-token"}},"kind":"collectionType"},"modelType":"contentType","modelName":"api-token-permission","connection":"default","uid":"admin::api-token-permission","plugin":"admin","globalId":"AdminApiTokenPermission"},"admin::transfer-token":{"collectionName":"strapi_transfer_tokens","info":{"name":"Transfer Token","singularName":"transfer-token","pluralName":"transfer-tokens","displayName":"Transfer Token","description":""},"options":{},"pluginOptions":{"content-manager":{"visible":false},"content-type-builder":{"visible":false}},"attributes":{"name":{"type":"string","minLength":1,"configurable":false,"required":true,"unique":true},"description":{"type":"string","minLength":1,"configurable":false,"required":false,"default":""},"accessKey":{"type":"string","minLength":1,"configurable":false,"required":true},"lastUsedAt":{"type":"datetime","configurable":false,"required":false},"permissions":{"type":"relation","target":"admin::transfer-token-permission","relation":"oneToMany","mappedBy":"token","configurable":false,"required":false},"expiresAt":{"type":"datetime","configurable":false,"required":false},"lifespan":{"type":"biginteger","configurable":false,"required":false},"createdAt":{"type":"datetime"},"updatedAt":{"type":"datetime"},"createdBy":{"type":"relation","relation":"oneToOne","target":"admin::user","configurable":false,"writable":false,"visible":false,"useJoinTable":false,"private":true},"updatedBy":{"type":"relation","relation":"oneToOne","target":"admin::user","configurable":false,"writable":false,"visible":false,"useJoinTable":false,"private":true}},"kind":"collectionType","__schema__":{"collectionName":"strapi_transfer_tokens","info":{"name":"Transfer Token","singularName":"transfer-token","pluralName":"transfer-tokens","displayName":"Transfer Token","description":""},"options":{},"pluginOptions":{"content-manager":{"visible":false},"content-type-builder":{"visible":false}},"attributes":{"name":{"type":"string","minLength":1,"configurable":false,"required":true,"unique":true},"description":{"type":"string","minLength":1,"configurable":false,"required":false,"default":""},"accessKey":{"type":"string","minLength":1,"configurable":false,"required":true},"lastUsedAt":{"type":"datetime","configurable":false,"required":false},"permissions":{"type":"relation","target":"admin::transfer-token-permission","relation":"oneToMany","mappedBy":"token","configurable":false,"required":false},"expiresAt":{"type":"datetime","configurable":false,"required":false},"lifespan":{"type":"biginteger","configurable":false,"required":false}},"kind":"collectionType"},"modelType":"contentType","modelName":"transfer-token","connection":"default","uid":"admin::transfer-token","plugin":"admin","globalId":"AdminTransferToken"},"admin::transfer-token-permission":{"collectionName":"strapi_transfer_token_permissions","info":{"name":"Transfer Token Permission","description":"","singularName":"transfer-token-permission","pluralName":"transfer-token-permissions","displayName":"Transfer Token Permission"},"options":{},"pluginOptions":{"content-manager":{"visible":false},"content-type-builder":{"visible":false}},"attributes":{"action":{"type":"string","minLength":1,"configurable":false,"required":true},"token":{"configurable":false,"type":"relation","relation":"manyToOne","inversedBy":"permissions","target":"admin::transfer-token"},"createdAt":{"type":"datetime"},"updatedAt":{"type":"datetime"},"createdBy":{"type":"relation","relation":"oneToOne","target":"admin::user","configurable":false,"writable":false,"visible":false,"useJoinTable":false,"private":true},"updatedBy":{"type":"relation","relation":"oneToOne","target":"admin::user","configurable":false,"writable":false,"visible":false,"useJoinTable":false,"private":true}},"kind":"collectionType","__schema__":{"collectionName":"strapi_transfer_token_permissions","info":{"name":"Transfer Token Permission","description":"","singularName":"transfer-token-permission","pluralName":"transfer-token-permissions","displayName":"Transfer Token Permission"},"options":{},"pluginOptions":{"content-manager":{"visible":false},"content-type-builder":{"visible":false}},"attributes":{"action":{"type":"string","minLength":1,"configurable":false,"required":true},"token":{"configurable":false,"type":"relation","relation":"manyToOne","inversedBy":"permissions","target":"admin::transfer-token"}},"kind":"collectionType"},"modelType":"contentType","modelName":"transfer-token-permission","connection":"default","uid":"admin::transfer-token-permission","plugin":"admin","globalId":"AdminTransferTokenPermission"},"plugin::upload.file":{"collectionName":"files","info":{"singularName":"file","pluralName":"files","displayName":"File","description":""},"options":{},"pluginOptions":{"content-manager":{"visible":false},"content-type-builder":{"visible":false}},"attributes":{"name":{"type":"string","configurable":false,"required":true},"alternativeText":{"type":"string","configurable":false},"caption":{"type":"string","configurable":false},"width":{"type":"integer","configurable":false},"height":{"type":"integer","configurable":false},"formats":{"type":"json","configurable":false},"hash":{"type":"string","configurable":false,"required":true},"ext":{"type":"string","configurable":false},"mime":{"type":"string","configurable":false,"required":true},"size":{"type":"decimal","configurable":false,"required":true},"url":{"type":"string","configurable":false,"required":true},"previewUrl":{"type":"string","configurable":false},"provider":{"type":"string","configurable":false,"required":true},"provider_metadata":{"type":"json","configurable":false},"related":{"type":"relation","relation":"morphToMany","configurable":false},"folder":{"type":"relation","relation":"manyToOne","target":"plugin::upload.folder","inversedBy":"files","private":true},"folderPath":{"type":"string","min":1,"required":true,"private":true,"searchable":false},"createdAt":{"type":"datetime"},"updatedAt":{"type":"datetime"},"createdBy":{"type":"relation","relation":"oneToOne","target":"admin::user","configurable":false,"writable":false,"visible":false,"useJoinTable":false,"private":true},"updatedBy":{"type":"relation","relation":"oneToOne","target":"admin::user","configurable":false,"writable":false,"visible":false,"useJoinTable":false,"private":true}},"indexes":[{"name":"upload_files_folder_path_index","columns":["folder_path"],"type":null},{"name":"upload_files_created_at_index","columns":["created_at"],"type":null},{"name":"upload_files_updated_at_index","columns":["updated_at"],"type":null},{"name":"upload_files_name_index","columns":["name"],"type":null},{"name":"upload_files_size_index","columns":["size"],"type":null},{"name":"upload_files_ext_index","columns":["ext"],"type":null}],"kind":"collectionType","__schema__":{"collectionName":"files","info":{"singularName":"file","pluralName":"files","displayName":"File","description":""},"options":{},"pluginOptions":{"content-manager":{"visible":false},"content-type-builder":{"visible":false}},"attributes":{"name":{"type":"string","configurable":false,"required":true},"alternativeText":{"type":"string","configurable":false},"caption":{"type":"string","configurable":false},"width":{"type":"integer","configurable":false},"height":{"type":"integer","configurable":false},"formats":{"type":"json","configurable":false},"hash":{"type":"string","configurable":false,"required":true},"ext":{"type":"string","configurable":false},"mime":{"type":"string","configurable":false,"required":true},"size":{"type":"decimal","configurable":false,"required":true},"url":{"type":"string","configurable":false,"required":true},"previewUrl":{"type":"string","configurable":false},"provider":{"type":"string","configurable":false,"required":true},"provider_metadata":{"type":"json","configurable":false},"related":{"type":"relation","relation":"morphToMany","configurable":false},"folder":{"type":"relation","relation":"manyToOne","target":"plugin::upload.folder","inversedBy":"files","private":true},"folderPath":{"type":"string","min":1,"required":true,"private":true,"searchable":false}},"kind":"collectionType"},"modelType":"contentType","modelName":"file","connection":"default","uid":"plugin::upload.file","plugin":"upload","globalId":"UploadFile"},"plugin::upload.folder":{"collectionName":"upload_folders","info":{"singularName":"folder","pluralName":"folders","displayName":"Folder"},"options":{},"pluginOptions":{"content-manager":{"visible":false},"content-type-builder":{"visible":false}},"attributes":{"name":{"type":"string","min":1,"required":true},"pathId":{"type":"integer","unique":true,"required":true},"parent":{"type":"relation","relation":"manyToOne","target":"plugin::upload.folder","inversedBy":"children"},"children":{"type":"relation","relation":"oneToMany","target":"plugin::upload.folder","mappedBy":"parent"},"files":{"type":"relation","relation":"oneToMany","target":"plugin::upload.file","mappedBy":"folder"},"path":{"type":"string","min":1,"required":true},"createdAt":{"type":"datetime"},"updatedAt":{"type":"datetime"},"createdBy":{"type":"relation","relation":"oneToOne","target":"admin::user","configurable":false,"writable":false,"visible":false,"useJoinTable":false,"private":true},"updatedBy":{"type":"relation","relation":"oneToOne","target":"admin::user","configurable":false,"writable":false,"visible":false,"useJoinTable":false,"private":true}},"indexes":[{"name":"upload_folders_path_id_index","columns":["path_id"],"type":"unique"},{"name":"upload_folders_path_index","columns":["path"],"type":"unique"}],"kind":"collectionType","__schema__":{"collectionName":"upload_folders","info":{"singularName":"folder","pluralName":"folders","displayName":"Folder"},"options":{},"pluginOptions":{"content-manager":{"visible":false},"content-type-builder":{"visible":false}},"attributes":{"name":{"type":"string","min":1,"required":true},"pathId":{"type":"integer","unique":true,"required":true},"parent":{"type":"relation","relation":"manyToOne","target":"plugin::upload.folder","inversedBy":"children"},"children":{"type":"relation","relation":"oneToMany","target":"plugin::upload.folder","mappedBy":"parent"},"files":{"type":"relation","relation":"oneToMany","target":"plugin::upload.file","mappedBy":"folder"},"path":{"type":"string","min":1,"required":true}},"kind":"collectionType"},"modelType":"contentType","modelName":"folder","connection":"default","uid":"plugin::upload.folder","plugin":"upload","globalId":"UploadFolder"},"plugin::content-releases.release":{"collectionName":"strapi_releases","info":{"singularName":"release","pluralName":"releases","displayName":"Release"},"options":{"draftAndPublish":false},"pluginOptions":{"content-manager":{"visible":false},"content-type-builder":{"visible":false}},"attributes":{"name":{"type":"string","required":true},"releasedAt":{"type":"datetime"},"scheduledAt":{"type":"datetime"},"timezone":{"type":"string"},"status":{"type":"enumeration","enum":["ready","blocked","failed","done","empty"],"required":true},"actions":{"type":"relation","relation":"oneToMany","target":"plugin::content-releases.release-action","mappedBy":"release"},"createdAt":{"type":"datetime"},"updatedAt":{"type":"datetime"},"createdBy":{"type":"relation","relation":"oneToOne","target":"admin::user","configurable":false,"writable":false,"visible":false,"useJoinTable":false,"private":true},"updatedBy":{"type":"relation","relation":"oneToOne","target":"admin::user","configurable":false,"writable":false,"visible":false,"useJoinTable":false,"private":true}},"kind":"collectionType","__schema__":{"collectionName":"strapi_releases","info":{"singularName":"release","pluralName":"releases","displayName":"Release"},"options":{"draftAndPublish":false},"pluginOptions":{"content-manager":{"visible":false},"content-type-builder":{"visible":false}},"attributes":{"name":{"type":"string","required":true},"releasedAt":{"type":"datetime"},"scheduledAt":{"type":"datetime"},"timezone":{"type":"string"},"status":{"type":"enumeration","enum":["ready","blocked","failed","done","empty"],"required":true},"actions":{"type":"relation","relation":"oneToMany","target":"plugin::content-releases.release-action","mappedBy":"release"}},"kind":"collectionType"},"modelType":"contentType","modelName":"release","connection":"default","uid":"plugin::content-releases.release","plugin":"content-releases","globalId":"ContentReleasesRelease"},"plugin::content-releases.release-action":{"collectionName":"strapi_release_actions","info":{"singularName":"release-action","pluralName":"release-actions","displayName":"Release Action"},"options":{"draftAndPublish":false},"pluginOptions":{"content-manager":{"visible":false},"content-type-builder":{"visible":false}},"attributes":{"type":{"type":"enumeration","enum":["publish","unpublish"],"required":true},"entry":{"type":"relation","relation":"morphToOne","configurable":false},"contentType":{"type":"string","required":true},"locale":{"type":"string"},"release":{"type":"relation","relation":"manyToOne","target":"plugin::content-releases.release","inversedBy":"actions"},"isEntryValid":{"type":"boolean"},"createdAt":{"type":"datetime"},"updatedAt":{"type":"datetime"},"createdBy":{"type":"relation","relation":"oneToOne","target":"admin::user","configurable":false,"writable":false,"visible":false,"useJoinTable":false,"private":true},"updatedBy":{"type":"relation","relation":"oneToOne","target":"admin::user","configurable":false,"writable":false,"visible":false,"useJoinTable":false,"private":true}},"kind":"collectionType","__schema__":{"collectionName":"strapi_release_actions","info":{"singularName":"release-action","pluralName":"release-actions","displayName":"Release Action"},"options":{"draftAndPublish":false},"pluginOptions":{"content-manager":{"visible":false},"content-type-builder":{"visible":false}},"attributes":{"type":{"type":"enumeration","enum":["publish","unpublish"],"required":true},"entry":{"type":"relation","relation":"morphToOne","configurable":false},"contentType":{"type":"string","required":true},"locale":{"type":"string"},"release":{"type":"relation","relation":"manyToOne","target":"plugin::content-releases.release","inversedBy":"actions"},"isEntryValid":{"type":"boolean"}},"kind":"collectionType"},"modelType":"contentType","modelName":"release-action","connection":"default","uid":"plugin::content-releases.release-action","plugin":"content-releases","globalId":"ContentReleasesReleaseAction"},"plugin::users-permissions.permission":{"collectionName":"up_permissions","info":{"name":"permission","description":"","singularName":"permission","pluralName":"permissions","displayName":"Permission"},"pluginOptions":{"content-manager":{"visible":false},"content-type-builder":{"visible":false}},"attributes":{"action":{"type":"string","required":true,"configurable":false},"role":{"type":"relation","relation":"manyToOne","target":"plugin::users-permissions.role","inversedBy":"permissions","configurable":false},"createdAt":{"type":"datetime"},"updatedAt":{"type":"datetime"},"createdBy":{"type":"relation","relation":"oneToOne","target":"admin::user","configurable":false,"writable":false,"visible":false,"useJoinTable":false,"private":true},"updatedBy":{"type":"relation","relation":"oneToOne","target":"admin::user","configurable":false,"writable":false,"visible":false,"useJoinTable":false,"private":true}},"kind":"collectionType","__schema__":{"collectionName":"up_permissions","info":{"name":"permission","description":"","singularName":"permission","pluralName":"permissions","displayName":"Permission"},"pluginOptions":{"content-manager":{"visible":false},"content-type-builder":{"visible":false}},"attributes":{"action":{"type":"string","required":true,"configurable":false},"role":{"type":"relation","relation":"manyToOne","target":"plugin::users-permissions.role","inversedBy":"permissions","configurable":false}},"kind":"collectionType"},"modelType":"contentType","modelName":"permission","connection":"default","uid":"plugin::users-permissions.permission","plugin":"users-permissions","globalId":"UsersPermissionsPermission"},"plugin::users-permissions.role":{"collectionName":"up_roles","info":{"name":"role","description":"","singularName":"role","pluralName":"roles","displayName":"Role"},"pluginOptions":{"content-manager":{"visible":false},"content-type-builder":{"visible":false}},"attributes":{"name":{"type":"string","minLength":3,"required":true,"configurable":false},"description":{"type":"string","configurable":false},"type":{"type":"string","unique":true,"configurable":false},"permissions":{"type":"relation","relation":"oneToMany","target":"plugin::users-permissions.permission","mappedBy":"role","configurable":false},"users":{"type":"relation","relation":"oneToMany","target":"plugin::users-permissions.user","mappedBy":"role","configurable":false},"createdAt":{"type":"datetime"},"updatedAt":{"type":"datetime"},"createdBy":{"type":"relation","relation":"oneToOne","target":"admin::user","configurable":false,"writable":false,"visible":false,"useJoinTable":false,"private":true},"updatedBy":{"type":"relation","relation":"oneToOne","target":"admin::user","configurable":false,"writable":false,"visible":false,"useJoinTable":false,"private":true}},"kind":"collectionType","__schema__":{"collectionName":"up_roles","info":{"name":"role","description":"","singularName":"role","pluralName":"roles","displayName":"Role"},"pluginOptions":{"content-manager":{"visible":false},"content-type-builder":{"visible":false}},"attributes":{"name":{"type":"string","minLength":3,"required":true,"configurable":false},"description":{"type":"string","configurable":false},"type":{"type":"string","unique":true,"configurable":false},"permissions":{"type":"relation","relation":"oneToMany","target":"plugin::users-permissions.permission","mappedBy":"role","configurable":false},"users":{"type":"relation","relation":"oneToMany","target":"plugin::users-permissions.user","mappedBy":"role","configurable":false}},"kind":"collectionType"},"modelType":"contentType","modelName":"role","connection":"default","uid":"plugin::users-permissions.role","plugin":"users-permissions","globalId":"UsersPermissionsRole"},"plugin::users-permissions.user":{"collectionName":"up_users","info":{"name":"user","description":"","singularName":"user","pluralName":"users","displayName":"User"},"options":{"draftAndPublish":false,"timestamps":true},"attributes":{"username":{"type":"string","minLength":3,"unique":true,"configurable":false,"required":true},"email":{"type":"email","minLength":6,"configurable":false,"required":true},"provider":{"type":"string","configurable":false},"password":{"type":"password","minLength":6,"configurable":false,"private":true,"searchable":false},"resetPasswordToken":{"type":"string","configurable":false,"private":true,"searchable":false},"confirmationToken":{"type":"string","configurable":false,"private":true,"searchable":false},"confirmed":{"type":"boolean","default":false,"configurable":false},"blocked":{"type":"boolean","default":false,"configurable":false},"role":{"type":"relation","relation":"manyToOne","target":"plugin::users-permissions.role","inversedBy":"users","configurable":false},"createdAt":{"type":"datetime"},"updatedAt":{"type":"datetime"},"createdBy":{"type":"relation","relation":"oneToOne","target":"admin::user","configurable":false,"writable":false,"visible":false,"useJoinTable":false,"private":true},"updatedBy":{"type":"relation","relation":"oneToOne","target":"admin::user","configurable":false,"writable":false,"visible":false,"useJoinTable":false,"private":true}},"config":{"attributes":{"resetPasswordToken":{"hidden":true},"confirmationToken":{"hidden":true},"provider":{"hidden":true}}},"kind":"collectionType","__schema__":{"collectionName":"up_users","info":{"name":"user","description":"","singularName":"user","pluralName":"users","displayName":"User"},"options":{"draftAndPublish":false,"timestamps":true},"attributes":{"username":{"type":"string","minLength":3,"unique":true,"configurable":false,"required":true},"email":{"type":"email","minLength":6,"configurable":false,"required":true},"provider":{"type":"string","configurable":false},"password":{"type":"password","minLength":6,"configurable":false,"private":true,"searchable":false},"resetPasswordToken":{"type":"string","configurable":false,"private":true,"searchable":false},"confirmationToken":{"type":"string","configurable":false,"private":true,"searchable":false},"confirmed":{"type":"boolean","default":false,"configurable":false},"blocked":{"type":"boolean","default":false,"configurable":false},"role":{"type":"relation","relation":"manyToOne","target":"plugin::users-permissions.role","inversedBy":"users","configurable":false}},"kind":"collectionType"},"modelType":"contentType","modelName":"user","connection":"default","uid":"plugin::users-permissions.user","plugin":"users-permissions","globalId":"UsersPermissionsUser"},"plugin::i18n.locale":{"info":{"singularName":"locale","pluralName":"locales","collectionName":"locales","displayName":"Locale","description":""},"options":{"draftAndPublish":false},"pluginOptions":{"content-manager":{"visible":false},"content-type-builder":{"visible":false}},"attributes":{"name":{"type":"string","min":1,"max":50,"configurable":false},"code":{"type":"string","unique":true,"configurable":false},"createdAt":{"type":"datetime"},"updatedAt":{"type":"datetime"},"createdBy":{"type":"relation","relation":"oneToOne","target":"admin::user","configurable":false,"writable":false,"visible":false,"useJoinTable":false,"private":true},"updatedBy":{"type":"relation","relation":"oneToOne","target":"admin::user","configurable":false,"writable":false,"visible":false,"useJoinTable":false,"private":true}},"kind":"collectionType","__schema__":{"info":{"singularName":"locale","pluralName":"locales","collectionName":"locales","displayName":"Locale","description":""},"options":{"draftAndPublish":false},"pluginOptions":{"content-manager":{"visible":false},"content-type-builder":{"visible":false}},"attributes":{"name":{"type":"string","min":1,"max":50,"configurable":false},"code":{"type":"string","unique":true,"configurable":false}},"kind":"collectionType"},"modelType":"contentType","modelName":"locale","connection":"default","uid":"plugin::i18n.locale","plugin":"i18n","collectionName":"i18n_locale","globalId":"I18NLocale"},"api::bidang.bidang":{"kind":"collectionType","collectionName":"daftar_bidang","info":{"singularName":"bidang","pluralName":"daftar-bidang","displayName":"Bidang","description":""},"options":{"draftAndPublish":true},"pluginOptions":{},"attributes":{"nama_bidang":{"type":"string","required":true},"data_bidangs":{"type":"relation","relation":"oneToMany","target":"api::data-bidang.data-bidang","mappedBy":"bidang"},"dinas":{"type":"relation","relation":"manyToOne","target":"api::dinas.dinas","inversedBy":"bidangs"},"createdAt":{"type":"datetime"},"updatedAt":{"type":"datetime"},"publishedAt":{"type":"datetime","configurable":false,"writable":true,"visible":false},"createdBy":{"type":"relation","relation":"oneToOne","target":"admin::user","configurable":false,"writable":false,"visible":false,"useJoinTable":false,"private":true},"updatedBy":{"type":"relation","relation":"oneToOne","target":"admin::user","configurable":false,"writable":false,"visible":false,"useJoinTable":false,"private":true}},"__schema__":{"collectionName":"daftar_bidang","info":{"singularName":"bidang","pluralName":"daftar-bidang","displayName":"Bidang","description":""},"options":{"draftAndPublish":true},"pluginOptions":{},"attributes":{"nama_bidang":{"type":"string","required":true},"data_bidangs":{"type":"relation","relation":"oneToMany","target":"api::data-bidang.data-bidang","mappedBy":"bidang"},"dinas":{"type":"relation","relation":"manyToOne","target":"api::dinas.dinas","inversedBy":"bidangs"}},"kind":"collectionType"},"modelType":"contentType","modelName":"bidang","connection":"default","uid":"api::bidang.bidang","apiName":"bidang","globalId":"Bidang","actions":{},"lifecycles":{}},"api::data-bidang.data-bidang":{"kind":"collectionType","collectionName":"daftar_data_bidang","info":{"singularName":"data-bidang","pluralName":"daftar-data-bidang","displayName":"Data_bidang","description":""},"options":{"draftAndPublish":true},"pluginOptions":{},"attributes":{"elemen":{"type":"string","required":true},"bidang":{"type":"relation","relation":"manyToOne","target":"api::bidang.bidang","inversedBy":"data_bidangs"},"year_2021":{"type":"string","required":true},"year_2022":{"type":"string","required":true},"year_2023":{"type":"string","required":true},"year_2024":{"type":"string","required":true},"satuan":{"type":"string","required":true},"createdAt":{"type":"datetime"},"updatedAt":{"type":"datetime"},"publishedAt":{"type":"datetime","configurable":false,"writable":true,"visible":false},"createdBy":{"type":"relation","relation":"oneToOne","target":"admin::user","configurable":false,"writable":false,"visible":false,"useJoinTable":false,"private":true},"updatedBy":{"type":"relation","relation":"oneToOne","target":"admin::user","configurable":false,"writable":false,"visible":false,"useJoinTable":false,"private":true}},"__schema__":{"collectionName":"daftar_data_bidang","info":{"singularName":"data-bidang","pluralName":"daftar-data-bidang","displayName":"Data_bidang","description":""},"options":{"draftAndPublish":true},"pluginOptions":{},"attributes":{"elemen":{"type":"string","required":true},"bidang":{"type":"relation","relation":"manyToOne","target":"api::bidang.bidang","inversedBy":"data_bidangs"},"year_2021":{"type":"string","required":true},"year_2022":{"type":"string","required":true},"year_2023":{"type":"string","required":true},"year_2024":{"type":"string","required":true},"satuan":{"type":"string","required":true}},"kind":"collectionType"},"modelType":"contentType","modelName":"data-bidang","connection":"default","uid":"api::data-bidang.data-bidang","apiName":"data-bidang","globalId":"DataBidang","actions":{},"lifecycles":{}},"api::dataset.dataset":{"kind":"collectionType","collectionName":"datasets","info":{"singularName":"dataset","pluralName":"datasets","displayName":"Dataset","description":""},"options":{"draftAndPublish":true},"pluginOptions":{},"attributes":{"judul_kegiatan":{"type":"string","required":true},"tahun_kegiatan":{"type":"biginteger","required":true},"cara_pengumpulan_data":{"type":"string","required":true},"sektor_kegiatan":{"type":"string","required":true},"jenis_kegiatan_statistik":{"type":"string","required":true},"identitas_rekomendasi":{"type":"string","required":true},"instansi_penyelenggara":{"type":"string","required":true},"alamat_lengkap_instansi_penyelenggara":{"type":"text","required":true},"unit_eselon_penanggungjawab":{"type":"text","required":true},"penanggungjawab_teknis":{"type":"text","required":true},"pdf":{"type":"media","multiple":false,"required":true,"allowedTypes":["files"]},"csv":{"type":"media","multiple":false,"required":true,"allowedTypes":["files"]},"createdAt":{"type":"datetime"},"updatedAt":{"type":"datetime"},"publishedAt":{"type":"datetime","configurable":false,"writable":true,"visible":false},"createdBy":{"type":"relation","relation":"oneToOne","target":"admin::user","configurable":false,"writable":false,"visible":false,"useJoinTable":false,"private":true},"updatedBy":{"type":"relation","relation":"oneToOne","target":"admin::user","configurable":false,"writable":false,"visible":false,"useJoinTable":false,"private":true}},"__schema__":{"collectionName":"datasets","info":{"singularName":"dataset","pluralName":"datasets","displayName":"Dataset","description":""},"options":{"draftAndPublish":true},"pluginOptions":{},"attributes":{"judul_kegiatan":{"type":"string","required":true},"tahun_kegiatan":{"type":"biginteger","required":true},"cara_pengumpulan_data":{"type":"string","required":true},"sektor_kegiatan":{"type":"string","required":true},"jenis_kegiatan_statistik":{"type":"string","required":true},"identitas_rekomendasi":{"type":"string","required":true},"instansi_penyelenggara":{"type":"string","required":true},"alamat_lengkap_instansi_penyelenggara":{"type":"text","required":true},"unit_eselon_penanggungjawab":{"type":"text","required":true},"penanggungjawab_teknis":{"type":"text","required":true},"pdf":{"type":"media","multiple":false,"required":true,"allowedTypes":["files"]},"csv":{"type":"media","multiple":false,"required":true,"allowedTypes":["files"]}},"kind":"collectionType"},"modelType":"contentType","modelName":"dataset","connection":"default","uid":"api::dataset.dataset","apiName":"dataset","globalId":"Dataset","actions":{},"lifecycles":{}},"api::dinas.dinas":{"kind":"collectionType","collectionName":"daftar_dinas","info":{"singularName":"dinas","pluralName":"daftar-dinas","displayName":"Dinas","description":""},"options":{"draftAndPublish":true},"pluginOptions":{},"attributes":{"nama":{"type":"string","required":true},"bidangs":{"type":"relation","relation":"oneToMany","target":"api::bidang.bidang","mappedBy":"dinas"},"createdAt":{"type":"datetime"},"updatedAt":{"type":"datetime"},"publishedAt":{"type":"datetime","configurable":false,"writable":true,"visible":false},"createdBy":{"type":"relation","relation":"oneToOne","target":"admin::user","configurable":false,"writable":false,"visible":false,"useJoinTable":false,"private":true},"updatedBy":{"type":"relation","relation":"oneToOne","target":"admin::user","configurable":false,"writable":false,"visible":false,"useJoinTable":false,"private":true}},"__schema__":{"collectionName":"daftar_dinas","info":{"singularName":"dinas","pluralName":"daftar-dinas","displayName":"Dinas","description":""},"options":{"draftAndPublish":true},"pluginOptions":{},"attributes":{"nama":{"type":"string","required":true},"bidangs":{"type":"relation","relation":"oneToMany","target":"api::bidang.bidang","mappedBy":"dinas"}},"kind":"collectionType"},"modelType":"contentType","modelName":"dinas","connection":"default","uid":"api::dinas.dinas","apiName":"dinas","globalId":"Dinas","actions":{},"lifecycles":{}},"api::jadwal-publikasi.jadwal-publikasi":{"kind":"collectionType","collectionName":"daftar_jadwal_publikasi","info":{"singularName":"jadwal-publikasi","pluralName":"daftar-jadwal-publikasi","displayName":"Jadwal Publikasi"},"options":{"draftAndPublish":true},"pluginOptions":{},"attributes":{"judul":{"type":"string","required":true},"periode_terbit":{"type":"enumeration","enum":["Tahunan","Bulanan","Mingguan","Harian"],"required":true},"bahasa":{"type":"string"},"jadwal_rilis":{"required":true,"type":"date"},"status":{"type":"enumeration","enum":["Belum Rilis","Sudah Rilis"],"required":true},"createdAt":{"type":"datetime"},"updatedAt":{"type":"datetime"},"publishedAt":{"type":"datetime","configurable":false,"writable":true,"visible":false},"createdBy":{"type":"relation","relation":"oneToOne","target":"admin::user","configurable":false,"writable":false,"visible":false,"useJoinTable":false,"private":true},"updatedBy":{"type":"relation","relation":"oneToOne","target":"admin::user","configurable":false,"writable":false,"visible":false,"useJoinTable":false,"private":true}},"__schema__":{"collectionName":"daftar_jadwal_publikasi","info":{"singularName":"jadwal-publikasi","pluralName":"daftar-jadwal-publikasi","displayName":"Jadwal Publikasi"},"options":{"draftAndPublish":true},"pluginOptions":{},"attributes":{"judul":{"type":"string","required":true},"periode_terbit":{"type":"enumeration","enum":["Tahunan","Bulanan","Mingguan","Harian"],"required":true},"bahasa":{"type":"string"},"jadwal_rilis":{"required":true,"type":"date"},"status":{"type":"enumeration","enum":["Belum Rilis","Sudah Rilis"],"required":true}},"kind":"collectionType"},"modelType":"contentType","modelName":"jadwal-publikasi","connection":"default","uid":"api::jadwal-publikasi.jadwal-publikasi","apiName":"jadwal-publikasi","globalId":"JadwalPublikasi","actions":{},"lifecycles":{}},"api::publikasi.publikasi":{"kind":"collectionType","collectionName":"publikasis","info":{"singularName":"publikasi","pluralName":"daftar-publikasi","displayName":"Publikasi","description":""},"options":{"draftAndPublish":true},"pluginOptions":{},"attributes":{"judul":{"type":"string","required":true},"nomor_katalog":{"type":"string","required":true},"nomor_publikasi":{"type":"string","required":true},"ISSN_ISBN":{"type":"string","required":true},"tanggal_rilis":{"type":"date","required":true},"deskripsi":{"type":"text","required":true},"pdf":{"type":"media","multiple":false,"required":true,"allowedTypes":["images","files","videos","audios"]},"image":{"type":"media","multiple":false,"required":true,"allowedTypes":["images"]},"createdAt":{"type":"datetime"},"updatedAt":{"type":"datetime"},"publishedAt":{"type":"datetime","configurable":false,"writable":true,"visible":false},"createdBy":{"type":"relation","relation":"oneToOne","target":"admin::user","configurable":false,"writable":false,"visible":false,"useJoinTable":false,"private":true},"updatedBy":{"type":"relation","relation":"oneToOne","target":"admin::user","configurable":false,"writable":false,"visible":false,"useJoinTable":false,"private":true}},"__schema__":{"collectionName":"publikasis","info":{"singularName":"publikasi","pluralName":"daftar-publikasi","displayName":"Publikasi","description":""},"options":{"draftAndPublish":true},"pluginOptions":{},"attributes":{"judul":{"type":"string","required":true},"nomor_katalog":{"type":"string","required":true},"nomor_publikasi":{"type":"string","required":true},"ISSN_ISBN":{"type":"string","required":true},"tanggal_rilis":{"type":"date","required":true},"deskripsi":{"type":"text","required":true},"pdf":{"type":"media","multiple":false,"required":true,"allowedTypes":["images","files","videos","audios"]},"image":{"type":"media","multiple":false,"required":true,"allowedTypes":["images"]}},"kind":"collectionType"},"modelType":"contentType","modelName":"publikasi","connection":"default","uid":"api::publikasi.publikasi","apiName":"publikasi","globalId":"Publikasi","actions":{},"lifecycles":{}}}', 'object', NULL, NULL),
	(2, 'plugin_content_manager_configuration_content_types::admin::permission', '{"settings":{"bulkable":true,"filterable":true,"searchable":true,"pageSize":10,"mainField":"action","defaultSortBy":"action","defaultSortOrder":"ASC"},"metadatas":{"id":{"edit":{},"list":{"label":"id","searchable":true,"sortable":true}},"action":{"edit":{"label":"action","description":"","placeholder":"","visible":true,"editable":true},"list":{"label":"action","searchable":true,"sortable":true}},"actionParameters":{"edit":{"label":"actionParameters","description":"","placeholder":"","visible":true,"editable":true},"list":{"label":"actionParameters","searchable":false,"sortable":false}},"subject":{"edit":{"label":"subject","description":"","placeholder":"","visible":true,"editable":true},"list":{"label":"subject","searchable":true,"sortable":true}},"properties":{"edit":{"label":"properties","description":"","placeholder":"","visible":true,"editable":true},"list":{"label":"properties","searchable":false,"sortable":false}},"conditions":{"edit":{"label":"conditions","description":"","placeholder":"","visible":true,"editable":true},"list":{"label":"conditions","searchable":false,"sortable":false}},"role":{"edit":{"label":"role","description":"","placeholder":"","visible":true,"editable":true,"mainField":"name"},"list":{"label":"role","searchable":true,"sortable":true}},"createdAt":{"edit":{"label":"createdAt","description":"","placeholder":"","visible":false,"editable":true},"list":{"label":"createdAt","searchable":true,"sortable":true}},"updatedAt":{"edit":{"label":"updatedAt","description":"","placeholder":"","visible":false,"editable":true},"list":{"label":"updatedAt","searchable":true,"sortable":true}},"createdBy":{"edit":{"label":"createdBy","description":"","placeholder":"","visible":false,"editable":true,"mainField":"firstname"},"list":{"label":"createdBy","searchable":true,"sortable":true}},"updatedBy":{"edit":{"label":"updatedBy","description":"","placeholder":"","visible":false,"editable":true,"mainField":"firstname"},"list":{"label":"updatedBy","searchable":true,"sortable":true}}},"layouts":{"list":["id","action","subject","role"],"edit":[[{"name":"action","size":6}],[{"name":"actionParameters","size":12}],[{"name":"subject","size":6}],[{"name":"properties","size":12}],[{"name":"conditions","size":12}],[{"name":"role","size":6}]]},"uid":"admin::permission"}', 'object', NULL, NULL),
	(3, 'plugin_content_manager_configuration_content_types::admin::user', '{"settings":{"bulkable":true,"filterable":true,"searchable":true,"pageSize":10,"mainField":"firstname","defaultSortBy":"firstname","defaultSortOrder":"ASC"},"metadatas":{"id":{"edit":{},"list":{"label":"id","searchable":true,"sortable":true}},"firstname":{"edit":{"label":"firstname","description":"","placeholder":"","visible":true,"editable":true},"list":{"label":"firstname","searchable":true,"sortable":true}},"lastname":{"edit":{"label":"lastname","description":"","placeholder":"","visible":true,"editable":true},"list":{"label":"lastname","searchable":true,"sortable":true}},"username":{"edit":{"label":"username","description":"","placeholder":"","visible":true,"editable":true},"list":{"label":"username","searchable":true,"sortable":true}},"email":{"edit":{"label":"email","description":"","placeholder":"","visible":true,"editable":true},"list":{"label":"email","searchable":true,"sortable":true}},"password":{"edit":{"label":"password","description":"","placeholder":"","visible":true,"editable":true},"list":{"label":"password","searchable":true,"sortable":true}},"resetPasswordToken":{"edit":{"label":"resetPasswordToken","description":"","placeholder":"","visible":false,"editable":true},"list":{"label":"resetPasswordToken","searchable":true,"sortable":true}},"registrationToken":{"edit":{"label":"registrationToken","description":"","placeholder":"","visible":false,"editable":true},"list":{"label":"registrationToken","searchable":true,"sortable":true}},"isActive":{"edit":{"label":"isActive","description":"","placeholder":"","visible":true,"editable":true},"list":{"label":"isActive","searchable":true,"sortable":true}},"roles":{"edit":{"label":"roles","description":"","placeholder":"","visible":true,"editable":true,"mainField":"name"},"list":{"label":"roles","searchable":false,"sortable":false}},"blocked":{"edit":{"label":"blocked","description":"","placeholder":"","visible":true,"editable":true},"list":{"label":"blocked","searchable":true,"sortable":true}},"preferedLanguage":{"edit":{"label":"preferedLanguage","description":"","placeholder":"","visible":true,"editable":true},"list":{"label":"preferedLanguage","searchable":true,"sortable":true}},"createdAt":{"edit":{"label":"createdAt","description":"","placeholder":"","visible":false,"editable":true},"list":{"label":"createdAt","searchable":true,"sortable":true}},"updatedAt":{"edit":{"label":"updatedAt","description":"","placeholder":"","visible":false,"editable":true},"list":{"label":"updatedAt","searchable":true,"sortable":true}},"createdBy":{"edit":{"label":"createdBy","description":"","placeholder":"","visible":false,"editable":true,"mainField":"firstname"},"list":{"label":"createdBy","searchable":true,"sortable":true}},"updatedBy":{"edit":{"label":"updatedBy","description":"","placeholder":"","visible":false,"editable":true,"mainField":"firstname"},"list":{"label":"updatedBy","searchable":true,"sortable":true}}},"layouts":{"list":["id","firstname","lastname","username"],"edit":[[{"name":"firstname","size":6},{"name":"lastname","size":6}],[{"name":"username","size":6},{"name":"email","size":6}],[{"name":"password","size":6},{"name":"isActive","size":4}],[{"name":"roles","size":6},{"name":"blocked","size":4}],[{"name":"preferedLanguage","size":6}]]},"uid":"admin::user"}', 'object', NULL, NULL),
	(4, 'plugin_content_manager_configuration_content_types::admin::role', '{"settings":{"bulkable":true,"filterable":true,"searchable":true,"pageSize":10,"mainField":"name","defaultSortBy":"name","defaultSortOrder":"ASC"},"metadatas":{"id":{"edit":{},"list":{"label":"id","searchable":true,"sortable":true}},"name":{"edit":{"label":"name","description":"","placeholder":"","visible":true,"editable":true},"list":{"label":"name","searchable":true,"sortable":true}},"code":{"edit":{"label":"code","description":"","placeholder":"","visible":true,"editable":true},"list":{"label":"code","searchable":true,"sortable":true}},"description":{"edit":{"label":"description","description":"","placeholder":"","visible":true,"editable":true},"list":{"label":"description","searchable":true,"sortable":true}},"users":{"edit":{"label":"users","description":"","placeholder":"","visible":true,"editable":true,"mainField":"firstname"},"list":{"label":"users","searchable":false,"sortable":false}},"permissions":{"edit":{"label":"permissions","description":"","placeholder":"","visible":true,"editable":true,"mainField":"action"},"list":{"label":"permissions","searchable":false,"sortable":false}},"createdAt":{"edit":{"label":"createdAt","description":"","placeholder":"","visible":false,"editable":true},"list":{"label":"createdAt","searchable":true,"sortable":true}},"updatedAt":{"edit":{"label":"updatedAt","description":"","placeholder":"","visible":false,"editable":true},"list":{"label":"updatedAt","searchable":true,"sortable":true}},"createdBy":{"edit":{"label":"createdBy","description":"","placeholder":"","visible":false,"editable":true,"mainField":"firstname"},"list":{"label":"createdBy","searchable":true,"sortable":true}},"updatedBy":{"edit":{"label":"updatedBy","description":"","placeholder":"","visible":false,"editable":true,"mainField":"firstname"},"list":{"label":"updatedBy","searchable":true,"sortable":true}}},"layouts":{"list":["id","name","code","description"],"edit":[[{"name":"name","size":6},{"name":"code","size":6}],[{"name":"description","size":6},{"name":"users","size":6}],[{"name":"permissions","size":6}]]},"uid":"admin::role"}', 'object', NULL, NULL),
	(5, 'plugin_content_manager_configuration_content_types::plugin::content-releases.release-action', '{"settings":{"bulkable":true,"filterable":true,"searchable":true,"pageSize":10,"mainField":"contentType","defaultSortBy":"contentType","defaultSortOrder":"ASC"},"metadatas":{"id":{"edit":{},"list":{"label":"id","searchable":true,"sortable":true}},"type":{"edit":{"label":"type","description":"","placeholder":"","visible":true,"editable":true},"list":{"label":"type","searchable":true,"sortable":true}},"contentType":{"edit":{"label":"contentType","description":"","placeholder":"","visible":true,"editable":true},"list":{"label":"contentType","searchable":true,"sortable":true}},"locale":{"edit":{"label":"locale","description":"","placeholder":"","visible":true,"editable":true},"list":{"label":"locale","searchable":true,"sortable":true}},"release":{"edit":{"label":"release","description":"","placeholder":"","visible":true,"editable":true,"mainField":"name"},"list":{"label":"release","searchable":true,"sortable":true}},"isEntryValid":{"edit":{"label":"isEntryValid","description":"","placeholder":"","visible":true,"editable":true},"list":{"label":"isEntryValid","searchable":true,"sortable":true}},"createdAt":{"edit":{"label":"createdAt","description":"","placeholder":"","visible":false,"editable":true},"list":{"label":"createdAt","searchable":true,"sortable":true}},"updatedAt":{"edit":{"label":"updatedAt","description":"","placeholder":"","visible":false,"editable":true},"list":{"label":"updatedAt","searchable":true,"sortable":true}},"createdBy":{"edit":{"label":"createdBy","description":"","placeholder":"","visible":false,"editable":true,"mainField":"firstname"},"list":{"label":"createdBy","searchable":true,"sortable":true}},"updatedBy":{"edit":{"label":"updatedBy","description":"","placeholder":"","visible":false,"editable":true,"mainField":"firstname"},"list":{"label":"updatedBy","searchable":true,"sortable":true}}},"layouts":{"list":["id","type","contentType","locale"],"edit":[[{"name":"type","size":6},{"name":"contentType","size":6}],[{"name":"locale","size":6},{"name":"release","size":6}],[{"name":"isEntryValid","size":4}]]},"uid":"plugin::content-releases.release-action"}', 'object', NULL, NULL),
	(6, 'plugin_content_manager_configuration_content_types::admin::api-token-permission', '{"settings":{"bulkable":true,"filterable":true,"searchable":true,"pageSize":10,"mainField":"action","defaultSortBy":"action","defaultSortOrder":"ASC"},"metadatas":{"id":{"edit":{},"list":{"label":"id","searchable":true,"sortable":true}},"action":{"edit":{"label":"action","description":"","placeholder":"","visible":true,"editable":true},"list":{"label":"action","searchable":true,"sortable":true}},"token":{"edit":{"label":"token","description":"","placeholder":"","visible":true,"editable":true,"mainField":"name"},"list":{"label":"token","searchable":true,"sortable":true}},"createdAt":{"edit":{"label":"createdAt","description":"","placeholder":"","visible":false,"editable":true},"list":{"label":"createdAt","searchable":true,"sortable":true}},"updatedAt":{"edit":{"label":"updatedAt","description":"","placeholder":"","visible":false,"editable":true},"list":{"label":"updatedAt","searchable":true,"sortable":true}},"createdBy":{"edit":{"label":"createdBy","description":"","placeholder":"","visible":false,"editable":true,"mainField":"firstname"},"list":{"label":"createdBy","searchable":true,"sortable":true}},"updatedBy":{"edit":{"label":"updatedBy","description":"","placeholder":"","visible":false,"editable":true,"mainField":"firstname"},"list":{"label":"updatedBy","searchable":true,"sortable":true}}},"layouts":{"list":["id","action","token","createdAt"],"edit":[[{"name":"action","size":6},{"name":"token","size":6}]]},"uid":"admin::api-token-permission"}', 'object', NULL, NULL),
	(7, 'plugin_content_manager_configuration_content_types::plugin::content-releases.release', '{"settings":{"bulkable":true,"filterable":true,"searchable":true,"pageSize":10,"mainField":"name","defaultSortBy":"name","defaultSortOrder":"ASC"},"metadatas":{"id":{"edit":{},"list":{"label":"id","searchable":true,"sortable":true}},"name":{"edit":{"label":"name","description":"","placeholder":"","visible":true,"editable":true},"list":{"label":"name","searchable":true,"sortable":true}},"releasedAt":{"edit":{"label":"releasedAt","description":"","placeholder":"","visible":true,"editable":true},"list":{"label":"releasedAt","searchable":true,"sortable":true}},"scheduledAt":{"edit":{"label":"scheduledAt","description":"","placeholder":"","visible":true,"editable":true},"list":{"label":"scheduledAt","searchable":true,"sortable":true}},"timezone":{"edit":{"label":"timezone","description":"","placeholder":"","visible":true,"editable":true},"list":{"label":"timezone","searchable":true,"sortable":true}},"status":{"edit":{"label":"status","description":"","placeholder":"","visible":true,"editable":true},"list":{"label":"status","searchable":true,"sortable":true}},"actions":{"edit":{"label":"actions","description":"","placeholder":"","visible":true,"editable":true,"mainField":"contentType"},"list":{"label":"actions","searchable":false,"sortable":false}},"createdAt":{"edit":{"label":"createdAt","description":"","placeholder":"","visible":false,"editable":true},"list":{"label":"createdAt","searchable":true,"sortable":true}},"updatedAt":{"edit":{"label":"updatedAt","description":"","placeholder":"","visible":false,"editable":true},"list":{"label":"updatedAt","searchable":true,"sortable":true}},"createdBy":{"edit":{"label":"createdBy","description":"","placeholder":"","visible":false,"editable":true,"mainField":"firstname"},"list":{"label":"createdBy","searchable":true,"sortable":true}},"updatedBy":{"edit":{"label":"updatedBy","description":"","placeholder":"","visible":false,"editable":true,"mainField":"firstname"},"list":{"label":"updatedBy","searchable":true,"sortable":true}}},"layouts":{"list":["id","name","releasedAt","scheduledAt"],"edit":[[{"name":"name","size":6},{"name":"releasedAt","size":6}],[{"name":"scheduledAt","size":6},{"name":"timezone","size":6}],[{"name":"status","size":6},{"name":"actions","size":6}]]},"uid":"plugin::content-releases.release"}', 'object', NULL, NULL),
	(8, 'plugin_content_manager_configuration_content_types::api::data-bidang.data-bidang', '{"settings":{"bulkable":true,"filterable":true,"searchable":true,"pageSize":10,"mainField":"elemen","defaultSortBy":"elemen","defaultSortOrder":"ASC"},"metadatas":{"id":{"edit":{},"list":{"label":"id","searchable":true,"sortable":true}},"elemen":{"edit":{"label":"elemen","description":"","placeholder":"","visible":true,"editable":true},"list":{"label":"elemen","searchable":true,"sortable":true}},"bidang":{"edit":{"label":"bidang","description":"","placeholder":"","visible":true,"editable":true,"mainField":"nama_bidang"},"list":{"label":"bidang","searchable":true,"sortable":true}},"year_2021":{"edit":{"label":"year_2021","description":"","placeholder":"","visible":true,"editable":true},"list":{"label":"year_2021","searchable":true,"sortable":true}},"year_2022":{"edit":{"label":"year_2022","description":"","placeholder":"","visible":true,"editable":true},"list":{"label":"year_2022","searchable":true,"sortable":true}},"year_2023":{"edit":{"label":"year_2023","description":"","placeholder":"","visible":true,"editable":true},"list":{"label":"year_2023","searchable":true,"sortable":true}},"year_2024":{"edit":{"label":"year_2024","description":"","placeholder":"","visible":true,"editable":true},"list":{"label":"year_2024","searchable":true,"sortable":true}},"satuan":{"edit":{"label":"satuan","description":"","placeholder":"","visible":true,"editable":true},"list":{"label":"satuan","searchable":true,"sortable":true}},"createdAt":{"edit":{"label":"createdAt","description":"","placeholder":"","visible":false,"editable":true},"list":{"label":"createdAt","searchable":true,"sortable":true}},"updatedAt":{"edit":{"label":"updatedAt","description":"","placeholder":"","visible":false,"editable":true},"list":{"label":"updatedAt","searchable":true,"sortable":true}},"createdBy":{"edit":{"label":"createdBy","description":"","placeholder":"","visible":false,"editable":true,"mainField":"firstname"},"list":{"label":"createdBy","searchable":true,"sortable":true}},"updatedBy":{"edit":{"label":"updatedBy","description":"","placeholder":"","visible":false,"editable":true,"mainField":"firstname"},"list":{"label":"updatedBy","searchable":true,"sortable":true}}},"layouts":{"list":["id","elemen","bidang","createdAt"],"edit":[[{"name":"elemen","size":6},{"name":"bidang","size":6}],[{"name":"year_2021","size":6},{"name":"year_2022","size":6}],[{"name":"year_2023","size":6},{"name":"year_2024","size":6}],[{"name":"satuan","size":6}]]},"uid":"api::data-bidang.data-bidang"}', 'object', NULL, NULL),
	(9, 'plugin_content_manager_configuration_content_types::api::dinas.dinas', '{"settings":{"bulkable":true,"filterable":true,"searchable":true,"pageSize":10,"mainField":"nama","defaultSortBy":"nama","defaultSortOrder":"ASC"},"metadatas":{"id":{"edit":{},"list":{"label":"id","searchable":true,"sortable":true}},"nama":{"edit":{"label":"nama","description":"","placeholder":"","visible":true,"editable":true},"list":{"label":"nama","searchable":true,"sortable":true}},"bidangs":{"edit":{"label":"bidangs","description":"","placeholder":"","visible":true,"editable":true,"mainField":"nama_bidang"},"list":{"label":"bidangs","searchable":false,"sortable":false}},"createdAt":{"edit":{"label":"createdAt","description":"","placeholder":"","visible":false,"editable":true},"list":{"label":"createdAt","searchable":true,"sortable":true}},"updatedAt":{"edit":{"label":"updatedAt","description":"","placeholder":"","visible":false,"editable":true},"list":{"label":"updatedAt","searchable":true,"sortable":true}},"createdBy":{"edit":{"label":"createdBy","description":"","placeholder":"","visible":false,"editable":true,"mainField":"firstname"},"list":{"label":"createdBy","searchable":true,"sortable":true}},"updatedBy":{"edit":{"label":"updatedBy","description":"","placeholder":"","visible":false,"editable":true,"mainField":"firstname"},"list":{"label":"updatedBy","searchable":true,"sortable":true}}},"layouts":{"list":["id","nama","bidangs","createdAt"],"edit":[[{"name":"nama","size":6},{"name":"bidangs","size":6}]]},"uid":"api::dinas.dinas"}', 'object', NULL, NULL),
	(10, 'plugin_content_manager_configuration_content_types::plugin::users-permissions.permission', '{"settings":{"bulkable":true,"filterable":true,"searchable":true,"pageSize":10,"mainField":"action","defaultSortBy":"action","defaultSortOrder":"ASC"},"metadatas":{"id":{"edit":{},"list":{"label":"id","searchable":true,"sortable":true}},"action":{"edit":{"label":"action","description":"","placeholder":"","visible":true,"editable":true},"list":{"label":"action","searchable":true,"sortable":true}},"role":{"edit":{"label":"role","description":"","placeholder":"","visible":true,"editable":true,"mainField":"name"},"list":{"label":"role","searchable":true,"sortable":true}},"createdAt":{"edit":{"label":"createdAt","description":"","placeholder":"","visible":false,"editable":true},"list":{"label":"createdAt","searchable":true,"sortable":true}},"updatedAt":{"edit":{"label":"updatedAt","description":"","placeholder":"","visible":false,"editable":true},"list":{"label":"updatedAt","searchable":true,"sortable":true}},"createdBy":{"edit":{"label":"createdBy","description":"","placeholder":"","visible":false,"editable":true,"mainField":"firstname"},"list":{"label":"createdBy","searchable":true,"sortable":true}},"updatedBy":{"edit":{"label":"updatedBy","description":"","placeholder":"","visible":false,"editable":true,"mainField":"firstname"},"list":{"label":"updatedBy","searchable":true,"sortable":true}}},"layouts":{"list":["id","action","role","createdAt"],"edit":[[{"name":"action","size":6},{"name":"role","size":6}]]},"uid":"plugin::users-permissions.permission"}', 'object', NULL, NULL),
	(11, 'plugin_content_manager_configuration_content_types::plugin::users-permissions.role', '{"settings":{"bulkable":true,"filterable":true,"searchable":true,"pageSize":10,"mainField":"name","defaultSortBy":"name","defaultSortOrder":"ASC"},"metadatas":{"id":{"edit":{},"list":{"label":"id","searchable":true,"sortable":true}},"name":{"edit":{"label":"name","description":"","placeholder":"","visible":true,"editable":true},"list":{"label":"name","searchable":true,"sortable":true}},"description":{"edit":{"label":"description","description":"","placeholder":"","visible":true,"editable":true},"list":{"label":"description","searchable":true,"sortable":true}},"type":{"edit":{"label":"type","description":"","placeholder":"","visible":true,"editable":true},"list":{"label":"type","searchable":true,"sortable":true}},"permissions":{"edit":{"label":"permissions","description":"","placeholder":"","visible":true,"editable":true,"mainField":"action"},"list":{"label":"permissions","searchable":false,"sortable":false}},"users":{"edit":{"label":"users","description":"","placeholder":"","visible":true,"editable":true,"mainField":"username"},"list":{"label":"users","searchable":false,"sortable":false}},"createdAt":{"edit":{"label":"createdAt","description":"","placeholder":"","visible":false,"editable":true},"list":{"label":"createdAt","searchable":true,"sortable":true}},"updatedAt":{"edit":{"label":"updatedAt","description":"","placeholder":"","visible":false,"editable":true},"list":{"label":"updatedAt","searchable":true,"sortable":true}},"createdBy":{"edit":{"label":"createdBy","description":"","placeholder":"","visible":false,"editable":true,"mainField":"firstname"},"list":{"label":"createdBy","searchable":true,"sortable":true}},"updatedBy":{"edit":{"label":"updatedBy","description":"","placeholder":"","visible":false,"editable":true,"mainField":"firstname"},"list":{"label":"updatedBy","searchable":true,"sortable":true}}},"layouts":{"list":["id","name","description","type"],"edit":[[{"name":"name","size":6},{"name":"description","size":6}],[{"name":"type","size":6},{"name":"permissions","size":6}],[{"name":"users","size":6}]]},"uid":"plugin::users-permissions.role"}', 'object', NULL, NULL),
	(12, 'plugin_content_manager_configuration_content_types::plugin::users-permissions.user', '{"settings":{"bulkable":true,"filterable":true,"searchable":true,"pageSize":10,"mainField":"username","defaultSortBy":"username","defaultSortOrder":"ASC"},"metadatas":{"id":{"edit":{},"list":{"label":"id","searchable":true,"sortable":true}},"username":{"edit":{"label":"username","description":"","placeholder":"","visible":true,"editable":true},"list":{"label":"username","searchable":true,"sortable":true}},"email":{"edit":{"label":"email","description":"","placeholder":"","visible":true,"editable":true},"list":{"label":"email","searchable":true,"sortable":true}},"provider":{"edit":{"label":"provider","description":"","placeholder":"","visible":false,"editable":true},"list":{"label":"provider","searchable":true,"sortable":true}},"password":{"edit":{"label":"password","description":"","placeholder":"","visible":true,"editable":true},"list":{"label":"password","searchable":true,"sortable":true}},"resetPasswordToken":{"edit":{"label":"resetPasswordToken","description":"","placeholder":"","visible":false,"editable":true},"list":{"label":"resetPasswordToken","searchable":true,"sortable":true}},"confirmationToken":{"edit":{"label":"confirmationToken","description":"","placeholder":"","visible":false,"editable":true},"list":{"label":"confirmationToken","searchable":true,"sortable":true}},"confirmed":{"edit":{"label":"confirmed","description":"","placeholder":"","visible":true,"editable":true},"list":{"label":"confirmed","searchable":true,"sortable":true}},"blocked":{"edit":{"label":"blocked","description":"","placeholder":"","visible":true,"editable":true},"list":{"label":"blocked","searchable":true,"sortable":true}},"role":{"edit":{"label":"role","description":"","placeholder":"","visible":true,"editable":true,"mainField":"name"},"list":{"label":"role","searchable":true,"sortable":true}},"createdAt":{"edit":{"label":"createdAt","description":"","placeholder":"","visible":false,"editable":true},"list":{"label":"createdAt","searchable":true,"sortable":true}},"updatedAt":{"edit":{"label":"updatedAt","description":"","placeholder":"","visible":false,"editable":true},"list":{"label":"updatedAt","searchable":true,"sortable":true}},"createdBy":{"edit":{"label":"createdBy","description":"","placeholder":"","visible":false,"editable":true,"mainField":"firstname"},"list":{"label":"createdBy","searchable":true,"sortable":true}},"updatedBy":{"edit":{"label":"updatedBy","description":"","placeholder":"","visible":false,"editable":true,"mainField":"firstname"},"list":{"label":"updatedBy","searchable":true,"sortable":true}}},"layouts":{"list":["id","username","email","confirmed"],"edit":[[{"name":"username","size":6},{"name":"email","size":6}],[{"name":"password","size":6},{"name":"confirmed","size":4}],[{"name":"blocked","size":4},{"name":"role","size":6}]]},"uid":"plugin::users-permissions.user"}', 'object', NULL, NULL),
	(13, 'plugin_content_manager_configuration_content_types::admin::api-token', '{"settings":{"bulkable":true,"filterable":true,"searchable":true,"pageSize":10,"mainField":"name","defaultSortBy":"name","defaultSortOrder":"ASC"},"metadatas":{"id":{"edit":{},"list":{"label":"id","searchable":true,"sortable":true}},"name":{"edit":{"label":"name","description":"","placeholder":"","visible":true,"editable":true},"list":{"label":"name","searchable":true,"sortable":true}},"description":{"edit":{"label":"description","description":"","placeholder":"","visible":true,"editable":true},"list":{"label":"description","searchable":true,"sortable":true}},"type":{"edit":{"label":"type","description":"","placeholder":"","visible":true,"editable":true},"list":{"label":"type","searchable":true,"sortable":true}},"accessKey":{"edit":{"label":"accessKey","description":"","placeholder":"","visible":true,"editable":true},"list":{"label":"accessKey","searchable":true,"sortable":true}},"lastUsedAt":{"edit":{"label":"lastUsedAt","description":"","placeholder":"","visible":true,"editable":true},"list":{"label":"lastUsedAt","searchable":true,"sortable":true}},"permissions":{"edit":{"label":"permissions","description":"","placeholder":"","visible":true,"editable":true,"mainField":"action"},"list":{"label":"permissions","searchable":false,"sortable":false}},"expiresAt":{"edit":{"label":"expiresAt","description":"","placeholder":"","visible":true,"editable":true},"list":{"label":"expiresAt","searchable":true,"sortable":true}},"lifespan":{"edit":{"label":"lifespan","description":"","placeholder":"","visible":true,"editable":true},"list":{"label":"lifespan","searchable":true,"sortable":true}},"createdAt":{"edit":{"label":"createdAt","description":"","placeholder":"","visible":false,"editable":true},"list":{"label":"createdAt","searchable":true,"sortable":true}},"updatedAt":{"edit":{"label":"updatedAt","description":"","placeholder":"","visible":false,"editable":true},"list":{"label":"updatedAt","searchable":true,"sortable":true}},"createdBy":{"edit":{"label":"createdBy","description":"","placeholder":"","visible":false,"editable":true,"mainField":"firstname"},"list":{"label":"createdBy","searchable":true,"sortable":true}},"updatedBy":{"edit":{"label":"updatedBy","description":"","placeholder":"","visible":false,"editable":true,"mainField":"firstname"},"list":{"label":"updatedBy","searchable":true,"sortable":true}}},"layouts":{"list":["id","name","description","type"],"edit":[[{"name":"name","size":6},{"name":"description","size":6}],[{"name":"type","size":6},{"name":"accessKey","size":6}],[{"name":"lastUsedAt","size":6},{"name":"permissions","size":6}],[{"name":"expiresAt","size":6},{"name":"lifespan","size":4}]]},"uid":"admin::api-token"}', 'object', NULL, NULL),
	(14, 'plugin_content_manager_configuration_content_types::admin::transfer-token', '{"settings":{"bulkable":true,"filterable":true,"searchable":true,"pageSize":10,"mainField":"name","defaultSortBy":"name","defaultSortOrder":"ASC"},"metadatas":{"id":{"edit":{},"list":{"label":"id","searchable":true,"sortable":true}},"name":{"edit":{"label":"name","description":"","placeholder":"","visible":true,"editable":true},"list":{"label":"name","searchable":true,"sortable":true}},"description":{"edit":{"label":"description","description":"","placeholder":"","visible":true,"editable":true},"list":{"label":"description","searchable":true,"sortable":true}},"accessKey":{"edit":{"label":"accessKey","description":"","placeholder":"","visible":true,"editable":true},"list":{"label":"accessKey","searchable":true,"sortable":true}},"lastUsedAt":{"edit":{"label":"lastUsedAt","description":"","placeholder":"","visible":true,"editable":true},"list":{"label":"lastUsedAt","searchable":true,"sortable":true}},"permissions":{"edit":{"label":"permissions","description":"","placeholder":"","visible":true,"editable":true,"mainField":"action"},"list":{"label":"permissions","searchable":false,"sortable":false}},"expiresAt":{"edit":{"label":"expiresAt","description":"","placeholder":"","visible":true,"editable":true},"list":{"label":"expiresAt","searchable":true,"sortable":true}},"lifespan":{"edit":{"label":"lifespan","description":"","placeholder":"","visible":true,"editable":true},"list":{"label":"lifespan","searchable":true,"sortable":true}},"createdAt":{"edit":{"label":"createdAt","description":"","placeholder":"","visible":false,"editable":true},"list":{"label":"createdAt","searchable":true,"sortable":true}},"updatedAt":{"edit":{"label":"updatedAt","description":"","placeholder":"","visible":false,"editable":true},"list":{"label":"updatedAt","searchable":true,"sortable":true}},"createdBy":{"edit":{"label":"createdBy","description":"","placeholder":"","visible":false,"editable":true,"mainField":"firstname"},"list":{"label":"createdBy","searchable":true,"sortable":true}},"updatedBy":{"edit":{"label":"updatedBy","description":"","placeholder":"","visible":false,"editable":true,"mainField":"firstname"},"list":{"label":"updatedBy","searchable":true,"sortable":true}}},"layouts":{"list":["id","name","description","accessKey"],"edit":[[{"name":"name","size":6},{"name":"description","size":6}],[{"name":"accessKey","size":6},{"name":"lastUsedAt","size":6}],[{"name":"permissions","size":6},{"name":"expiresAt","size":6}],[{"name":"lifespan","size":4}]]},"uid":"admin::transfer-token"}', 'object', NULL, NULL),
	(15, 'plugin_content_manager_configuration_content_types::admin::transfer-token-permission', '{"settings":{"bulkable":true,"filterable":true,"searchable":true,"pageSize":10,"mainField":"action","defaultSortBy":"action","defaultSortOrder":"ASC"},"metadatas":{"id":{"edit":{},"list":{"label":"id","searchable":true,"sortable":true}},"action":{"edit":{"label":"action","description":"","placeholder":"","visible":true,"editable":true},"list":{"label":"action","searchable":true,"sortable":true}},"token":{"edit":{"label":"token","description":"","placeholder":"","visible":true,"editable":true,"mainField":"name"},"list":{"label":"token","searchable":true,"sortable":true}},"createdAt":{"edit":{"label":"createdAt","description":"","placeholder":"","visible":false,"editable":true},"list":{"label":"createdAt","searchable":true,"sortable":true}},"updatedAt":{"edit":{"label":"updatedAt","description":"","placeholder":"","visible":false,"editable":true},"list":{"label":"updatedAt","searchable":true,"sortable":true}},"createdBy":{"edit":{"label":"createdBy","description":"","placeholder":"","visible":false,"editable":true,"mainField":"firstname"},"list":{"label":"createdBy","searchable":true,"sortable":true}},"updatedBy":{"edit":{"label":"updatedBy","description":"","placeholder":"","visible":false,"editable":true,"mainField":"firstname"},"list":{"label":"updatedBy","searchable":true,"sortable":true}}},"layouts":{"list":["id","action","token","createdAt"],"edit":[[{"name":"action","size":6},{"name":"token","size":6}]]},"uid":"admin::transfer-token-permission"}', 'object', NULL, NULL),
	(16, 'plugin_content_manager_configuration_content_types::plugin::upload.file', '{"settings":{"bulkable":true,"filterable":true,"searchable":true,"pageSize":10,"mainField":"name","defaultSortBy":"name","defaultSortOrder":"ASC"},"metadatas":{"id":{"edit":{},"list":{"label":"id","searchable":true,"sortable":true}},"name":{"edit":{"label":"name","description":"","placeholder":"","visible":true,"editable":true},"list":{"label":"name","searchable":true,"sortable":true}},"alternativeText":{"edit":{"label":"alternativeText","description":"","placeholder":"","visible":true,"editable":true},"list":{"label":"alternativeText","searchable":true,"sortable":true}},"caption":{"edit":{"label":"caption","description":"","placeholder":"","visible":true,"editable":true},"list":{"label":"caption","searchable":true,"sortable":true}},"width":{"edit":{"label":"width","description":"","placeholder":"","visible":true,"editable":true},"list":{"label":"width","searchable":true,"sortable":true}},"height":{"edit":{"label":"height","description":"","placeholder":"","visible":true,"editable":true},"list":{"label":"height","searchable":true,"sortable":true}},"formats":{"edit":{"label":"formats","description":"","placeholder":"","visible":true,"editable":true},"list":{"label":"formats","searchable":false,"sortable":false}},"hash":{"edit":{"label":"hash","description":"","placeholder":"","visible":true,"editable":true},"list":{"label":"hash","searchable":true,"sortable":true}},"ext":{"edit":{"label":"ext","description":"","placeholder":"","visible":true,"editable":true},"list":{"label":"ext","searchable":true,"sortable":true}},"mime":{"edit":{"label":"mime","description":"","placeholder":"","visible":true,"editable":true},"list":{"label":"mime","searchable":true,"sortable":true}},"size":{"edit":{"label":"size","description":"","placeholder":"","visible":true,"editable":true},"list":{"label":"size","searchable":true,"sortable":true}},"url":{"edit":{"label":"url","description":"","placeholder":"","visible":true,"editable":true},"list":{"label":"url","searchable":true,"sortable":true}},"previewUrl":{"edit":{"label":"previewUrl","description":"","placeholder":"","visible":true,"editable":true},"list":{"label":"previewUrl","searchable":true,"sortable":true}},"provider":{"edit":{"label":"provider","description":"","placeholder":"","visible":true,"editable":true},"list":{"label":"provider","searchable":true,"sortable":true}},"provider_metadata":{"edit":{"label":"provider_metadata","description":"","placeholder":"","visible":true,"editable":true},"list":{"label":"provider_metadata","searchable":false,"sortable":false}},"folder":{"edit":{"label":"folder","description":"","placeholder":"","visible":true,"editable":true,"mainField":"name"},"list":{"label":"folder","searchable":true,"sortable":true}},"folderPath":{"edit":{"label":"folderPath","description":"","placeholder":"","visible":true,"editable":true},"list":{"label":"folderPath","searchable":true,"sortable":true}},"createdAt":{"edit":{"label":"createdAt","description":"","placeholder":"","visible":false,"editable":true},"list":{"label":"createdAt","searchable":true,"sortable":true}},"updatedAt":{"edit":{"label":"updatedAt","description":"","placeholder":"","visible":false,"editable":true},"list":{"label":"updatedAt","searchable":true,"sortable":true}},"createdBy":{"edit":{"label":"createdBy","description":"","placeholder":"","visible":false,"editable":true,"mainField":"firstname"},"list":{"label":"createdBy","searchable":true,"sortable":true}},"updatedBy":{"edit":{"label":"updatedBy","description":"","placeholder":"","visible":false,"editable":true,"mainField":"firstname"},"list":{"label":"updatedBy","searchable":true,"sortable":true}}},"layouts":{"list":["id","name","alternativeText","caption"],"edit":[[{"name":"name","size":6},{"name":"alternativeText","size":6}],[{"name":"caption","size":6},{"name":"width","size":4}],[{"name":"height","size":4}],[{"name":"formats","size":12}],[{"name":"hash","size":6},{"name":"ext","size":6}],[{"name":"mime","size":6},{"name":"size","size":4}],[{"name":"url","size":6},{"name":"previewUrl","size":6}],[{"name":"provider","size":6}],[{"name":"provider_metadata","size":12}],[{"name":"folder","size":6},{"name":"folderPath","size":6}]]},"uid":"plugin::upload.file"}', 'object', NULL, NULL),
	(17, 'plugin_content_manager_configuration_content_types::plugin::upload.folder', '{"settings":{"bulkable":true,"filterable":true,"searchable":true,"pageSize":10,"mainField":"name","defaultSortBy":"name","defaultSortOrder":"ASC"},"metadatas":{"id":{"edit":{},"list":{"label":"id","searchable":true,"sortable":true}},"name":{"edit":{"label":"name","description":"","placeholder":"","visible":true,"editable":true},"list":{"label":"name","searchable":true,"sortable":true}},"pathId":{"edit":{"label":"pathId","description":"","placeholder":"","visible":true,"editable":true},"list":{"label":"pathId","searchable":true,"sortable":true}},"parent":{"edit":{"label":"parent","description":"","placeholder":"","visible":true,"editable":true,"mainField":"name"},"list":{"label":"parent","searchable":true,"sortable":true}},"children":{"edit":{"label":"children","description":"","placeholder":"","visible":true,"editable":true,"mainField":"name"},"list":{"label":"children","searchable":false,"sortable":false}},"files":{"edit":{"label":"files","description":"","placeholder":"","visible":true,"editable":true,"mainField":"name"},"list":{"label":"files","searchable":false,"sortable":false}},"path":{"edit":{"label":"path","description":"","placeholder":"","visible":true,"editable":true},"list":{"label":"path","searchable":true,"sortable":true}},"createdAt":{"edit":{"label":"createdAt","description":"","placeholder":"","visible":false,"editable":true},"list":{"label":"createdAt","searchable":true,"sortable":true}},"updatedAt":{"edit":{"label":"updatedAt","description":"","placeholder":"","visible":false,"editable":true},"list":{"label":"updatedAt","searchable":true,"sortable":true}},"createdBy":{"edit":{"label":"createdBy","description":"","placeholder":"","visible":false,"editable":true,"mainField":"firstname"},"list":{"label":"createdBy","searchable":true,"sortable":true}},"updatedBy":{"edit":{"label":"updatedBy","description":"","placeholder":"","visible":false,"editable":true,"mainField":"firstname"},"list":{"label":"updatedBy","searchable":true,"sortable":true}}},"layouts":{"list":["id","name","pathId","parent"],"edit":[[{"name":"name","size":6},{"name":"pathId","size":4}],[{"name":"parent","size":6},{"name":"children","size":6}],[{"name":"files","size":6},{"name":"path","size":6}]]},"uid":"plugin::upload.folder"}', 'object', NULL, NULL),
	(18, 'plugin_content_manager_configuration_content_types::plugin::i18n.locale', '{"settings":{"bulkable":true,"filterable":true,"searchable":true,"pageSize":10,"mainField":"name","defaultSortBy":"name","defaultSortOrder":"ASC"},"metadatas":{"id":{"edit":{},"list":{"label":"id","searchable":true,"sortable":true}},"name":{"edit":{"label":"name","description":"","placeholder":"","visible":true,"editable":true},"list":{"label":"name","searchable":true,"sortable":true}},"code":{"edit":{"label":"code","description":"","placeholder":"","visible":true,"editable":true},"list":{"label":"code","searchable":true,"sortable":true}},"createdAt":{"edit":{"label":"createdAt","description":"","placeholder":"","visible":false,"editable":true},"list":{"label":"createdAt","searchable":true,"sortable":true}},"updatedAt":{"edit":{"label":"updatedAt","description":"","placeholder":"","visible":false,"editable":true},"list":{"label":"updatedAt","searchable":true,"sortable":true}},"createdBy":{"edit":{"label":"createdBy","description":"","placeholder":"","visible":false,"editable":true,"mainField":"firstname"},"list":{"label":"createdBy","searchable":true,"sortable":true}},"updatedBy":{"edit":{"label":"updatedBy","description":"","placeholder":"","visible":false,"editable":true,"mainField":"firstname"},"list":{"label":"updatedBy","searchable":true,"sortable":true}}},"layouts":{"list":["id","name","code","createdAt"],"edit":[[{"name":"name","size":6},{"name":"code","size":6}]]},"uid":"plugin::i18n.locale"}', 'object', NULL, NULL),
	(19, 'plugin_content_manager_configuration_content_types::api::bidang.bidang', '{"settings":{"bulkable":true,"filterable":true,"searchable":true,"pageSize":10,"mainField":"nama_bidang","defaultSortBy":"nama_bidang","defaultSortOrder":"ASC"},"metadatas":{"id":{"edit":{},"list":{"label":"id","searchable":true,"sortable":true}},"nama_bidang":{"edit":{"label":"nama_bidang","description":"","placeholder":"","visible":true,"editable":true},"list":{"label":"nama_bidang","searchable":true,"sortable":true}},"data_bidangs":{"edit":{"label":"data_bidangs","description":"","placeholder":"","visible":true,"editable":true,"mainField":"elemen"},"list":{"label":"data_bidangs","searchable":false,"sortable":false}},"dinas":{"edit":{"label":"dinas","description":"","placeholder":"","visible":true,"editable":true,"mainField":"nama"},"list":{"label":"dinas","searchable":true,"sortable":true}},"createdAt":{"edit":{"label":"createdAt","description":"","placeholder":"","visible":false,"editable":true},"list":{"label":"createdAt","searchable":true,"sortable":true}},"updatedAt":{"edit":{"label":"updatedAt","description":"","placeholder":"","visible":false,"editable":true},"list":{"label":"updatedAt","searchable":true,"sortable":true}},"createdBy":{"edit":{"label":"createdBy","description":"","placeholder":"","visible":false,"editable":true,"mainField":"firstname"},"list":{"label":"createdBy","searchable":true,"sortable":true}},"updatedBy":{"edit":{"label":"updatedBy","description":"","placeholder":"","visible":false,"editable":true,"mainField":"firstname"},"list":{"label":"updatedBy","searchable":true,"sortable":true}}},"layouts":{"list":["id","nama_bidang","data_bidangs","dinas"],"edit":[[{"name":"nama_bidang","size":6},{"name":"data_bidangs","size":6}],[{"name":"dinas","size":6}]]},"uid":"api::bidang.bidang"}', 'object', NULL, NULL),
	(20, 'plugin_content_manager_configuration_content_types::api::dataset.dataset', '{"settings":{"bulkable":true,"filterable":true,"searchable":true,"pageSize":10,"mainField":"judul_kegiatan","defaultSortBy":"judul_kegiatan","defaultSortOrder":"ASC"},"metadatas":{"id":{"edit":{},"list":{"label":"id","searchable":true,"sortable":true}},"judul_kegiatan":{"edit":{"label":"judul_kegiatan","description":"","placeholder":"","visible":true,"editable":true},"list":{"label":"judul_kegiatan","searchable":true,"sortable":true}},"tahun_kegiatan":{"edit":{"label":"tahun_kegiatan","description":"","placeholder":"","visible":true,"editable":true},"list":{"label":"tahun_kegiatan","searchable":true,"sortable":true}},"cara_pengumpulan_data":{"edit":{"label":"cara_pengumpulan_data","description":"","placeholder":"","visible":true,"editable":true},"list":{"label":"cara_pengumpulan_data","searchable":true,"sortable":true}},"sektor_kegiatan":{"edit":{"label":"sektor_kegiatan","description":"","placeholder":"","visible":true,"editable":true},"list":{"label":"sektor_kegiatan","searchable":true,"sortable":true}},"jenis_kegiatan_statistik":{"edit":{"label":"jenis_kegiatan_statistik","description":"","placeholder":"","visible":true,"editable":true},"list":{"label":"jenis_kegiatan_statistik","searchable":true,"sortable":true}},"identitas_rekomendasi":{"edit":{"label":"identitas_rekomendasi","description":"","placeholder":"","visible":true,"editable":true},"list":{"label":"identitas_rekomendasi","searchable":true,"sortable":true}},"instansi_penyelenggara":{"edit":{"label":"instansi_penyelenggara","description":"","placeholder":"","visible":true,"editable":true},"list":{"label":"instansi_penyelenggara","searchable":true,"sortable":true}},"alamat_lengkap_instansi_penyelenggara":{"edit":{"label":"alamat_lengkap_instansi_penyelenggara","description":"","placeholder":"","visible":true,"editable":true},"list":{"label":"alamat_lengkap_instansi_penyelenggara","searchable":true,"sortable":true}},"unit_eselon_penanggungjawab":{"edit":{"label":"unit_eselon_penanggungjawab","description":"","placeholder":"","visible":true,"editable":true},"list":{"label":"unit_eselon_penanggungjawab","searchable":true,"sortable":true}},"penanggungjawab_teknis":{"edit":{"label":"penanggungjawab_teknis","description":"","placeholder":"","visible":true,"editable":true},"list":{"label":"penanggungjawab_teknis","searchable":true,"sortable":true}},"pdf":{"edit":{"label":"pdf","description":"","placeholder":"","visible":true,"editable":true},"list":{"label":"pdf","searchable":false,"sortable":false}},"csv":{"edit":{"label":"csv","description":"","placeholder":"","visible":true,"editable":true},"list":{"label":"csv","searchable":false,"sortable":false}},"createdAt":{"edit":{"label":"createdAt","description":"","placeholder":"","visible":false,"editable":true},"list":{"label":"createdAt","searchable":true,"sortable":true}},"updatedAt":{"edit":{"label":"updatedAt","description":"","placeholder":"","visible":false,"editable":true},"list":{"label":"updatedAt","searchable":true,"sortable":true}},"createdBy":{"edit":{"label":"createdBy","description":"","placeholder":"","visible":false,"editable":true,"mainField":"firstname"},"list":{"label":"createdBy","searchable":true,"sortable":true}},"updatedBy":{"edit":{"label":"updatedBy","description":"","placeholder":"","visible":false,"editable":true,"mainField":"firstname"},"list":{"label":"updatedBy","searchable":true,"sortable":true}}},"layouts":{"list":["id","judul_kegiatan","tahun_kegiatan","cara_pengumpulan_data"],"edit":[[{"name":"judul_kegiatan","size":6},{"name":"tahun_kegiatan","size":4}],[{"name":"cara_pengumpulan_data","size":6},{"name":"sektor_kegiatan","size":6}],[{"name":"jenis_kegiatan_statistik","size":6},{"name":"identitas_rekomendasi","size":6}],[{"name":"instansi_penyelenggara","size":6},{"name":"alamat_lengkap_instansi_penyelenggara","size":6}],[{"name":"unit_eselon_penanggungjawab","size":6},{"name":"penanggungjawab_teknis","size":6}],[{"name":"pdf","size":6},{"name":"csv","size":6}]]},"uid":"api::dataset.dataset"}', 'object', NULL, NULL),
	(21, 'plugin_upload_settings', '{"sizeOptimization":true,"responsiveDimensions":true,"autoOrientation":true}', 'object', NULL, NULL),
	(22, 'plugin_upload_view_configuration', '{"pageSize":10,"sort":"createdAt:DESC"}', 'object', NULL, NULL),
	(23, 'plugin_upload_metrics', '{"weeklySchedule":"43 47 21 * * 1","lastWeeklyUpdate":1716817663034}', 'object', NULL, NULL),
	(24, 'plugin_users-permissions_grant', '{"email":{"enabled":true,"icon":"envelope"},"discord":{"enabled":false,"icon":"discord","key":"","secret":"","callback":"api/auth/discord/callback","scope":["identify","email"]},"facebook":{"enabled":false,"icon":"facebook-square","key":"","secret":"","callback":"api/auth/facebook/callback","scope":["email"]},"google":{"enabled":false,"icon":"google","key":"","secret":"","callback":"api/auth/google/callback","scope":["email"]},"github":{"enabled":false,"icon":"github","key":"","secret":"","callback":"api/auth/github/callback","scope":["user","user:email"]},"microsoft":{"enabled":false,"icon":"windows","key":"","secret":"","callback":"api/auth/microsoft/callback","scope":["user.read"]},"twitter":{"enabled":false,"icon":"twitter","key":"","secret":"","callback":"api/auth/twitter/callback"},"instagram":{"enabled":false,"icon":"instagram","key":"","secret":"","callback":"api/auth/instagram/callback","scope":["user_profile"]},"vk":{"enabled":false,"icon":"vk","key":"","secret":"","callback":"api/auth/vk/callback","scope":["email"]},"twitch":{"enabled":false,"icon":"twitch","key":"","secret":"","callback":"api/auth/twitch/callback","scope":["user:read:email"]},"linkedin":{"enabled":false,"icon":"linkedin","key":"","secret":"","callback":"api/auth/linkedin/callback","scope":["r_liteprofile","r_emailaddress"]},"cognito":{"enabled":false,"icon":"aws","key":"","secret":"","subdomain":"my.subdomain.com","callback":"api/auth/cognito/callback","scope":["email","openid","profile"]},"reddit":{"enabled":false,"icon":"reddit","key":"","secret":"","state":true,"callback":"api/auth/reddit/callback","scope":["identity"]},"auth0":{"enabled":false,"icon":"","key":"","secret":"","subdomain":"my-tenant.eu","callback":"api/auth/auth0/callback","scope":["openid","email","profile"]},"cas":{"enabled":false,"icon":"book","key":"","secret":"","callback":"api/auth/cas/callback","scope":["openid email"],"subdomain":"my.subdomain.com/cas"},"patreon":{"enabled":false,"icon":"","key":"","secret":"","callback":"api/auth/patreon/callback","scope":["identity","identity[email]"]},"keycloak":{"enabled":false,"icon":"","key":"","secret":"","subdomain":"myKeycloakProvider.com/realms/myrealm","callback":"api/auth/keycloak/callback","scope":["openid","email","profile"]}}', 'object', NULL, NULL),
	(25, 'plugin_users-permissions_email', '{"reset_password":{"display":"Email.template.reset_password","icon":"sync","options":{"from":{"name":"Administration Panel","email":"no-reply@strapi.io"},"response_email":"","object":"Reset password","message":"<p>We heard that you lost your password. Sorry about that!</p>\\n\\n<p>But don’t worry! You can use the following link to reset your password:</p>\\n<p><%= URL %>?code=<%= TOKEN %></p>\\n\\n<p>Thanks.</p>"}},"email_confirmation":{"display":"Email.template.email_confirmation","icon":"check-square","options":{"from":{"name":"Administration Panel","email":"no-reply@strapi.io"},"response_email":"","object":"Account confirmation","message":"<p>Thank you for registering!</p>\\n\\n<p>You have to confirm your email address. Please click on the link below.</p>\\n\\n<p><%= URL %>?confirmation=<%= CODE %></p>\\n\\n<p>Thanks.</p>"}}}', 'object', NULL, NULL),
	(26, 'plugin_users-permissions_advanced', '{"unique_email":true,"allow_register":true,"email_confirmation":false,"email_reset_password":null,"email_confirmation_redirection":null,"default_role":"authenticated"}', 'object', NULL, NULL),
	(27, 'plugin_i18n_default_locale', '"en"', 'string', NULL, NULL),
	(28, 'core_admin_auth', '{"providers":{"autoRegister":false,"defaultRole":null,"ssoLockedRoles":null}}', 'object', NULL, NULL),
	(29, 'plugin_content_manager_configuration_content_types::api::jadwal-publikasi.jadwal-publikasi', '{"settings":{"bulkable":true,"filterable":true,"searchable":true,"pageSize":10,"mainField":"judul","defaultSortBy":"judul","defaultSortOrder":"ASC"},"metadatas":{"id":{"edit":{},"list":{"label":"id","searchable":true,"sortable":true}},"judul":{"edit":{"label":"judul","description":"","placeholder":"","visible":true,"editable":true},"list":{"label":"judul","searchable":true,"sortable":true}},"periode_terbit":{"edit":{"label":"periode_terbit","description":"","placeholder":"","visible":true,"editable":true},"list":{"label":"periode_terbit","searchable":true,"sortable":true}},"bahasa":{"edit":{"label":"bahasa","description":"","placeholder":"","visible":true,"editable":true},"list":{"label":"bahasa","searchable":true,"sortable":true}},"jadwal_rilis":{"edit":{"label":"jadwal_rilis","description":"","placeholder":"","visible":true,"editable":true},"list":{"label":"jadwal_rilis","searchable":true,"sortable":true}},"status":{"edit":{"label":"status","description":"","placeholder":"","visible":true,"editable":true},"list":{"label":"status","searchable":true,"sortable":true}},"createdAt":{"edit":{"label":"createdAt","description":"","placeholder":"","visible":false,"editable":true},"list":{"label":"createdAt","searchable":true,"sortable":true}},"updatedAt":{"edit":{"label":"updatedAt","description":"","placeholder":"","visible":false,"editable":true},"list":{"label":"updatedAt","searchable":true,"sortable":true}},"createdBy":{"edit":{"label":"createdBy","description":"","placeholder":"","visible":false,"editable":true,"mainField":"firstname"},"list":{"label":"createdBy","searchable":true,"sortable":true}},"updatedBy":{"edit":{"label":"updatedBy","description":"","placeholder":"","visible":false,"editable":true,"mainField":"firstname"},"list":{"label":"updatedBy","searchable":true,"sortable":true}}},"layouts":{"list":["id","judul","periode_terbit","bahasa"],"edit":[[{"name":"judul","size":6},{"name":"periode_terbit","size":6}],[{"name":"bahasa","size":6},{"name":"jadwal_rilis","size":4}],[{"name":"status","size":6}]]},"uid":"api::jadwal-publikasi.jadwal-publikasi"}', 'object', NULL, NULL),
	(30, 'plugin_content_manager_configuration_content_types::api::publikasi.publikasi', '{"settings":{"bulkable":true,"filterable":true,"searchable":true,"pageSize":10,"mainField":"judul","defaultSortBy":"judul","defaultSortOrder":"ASC"},"metadatas":{"id":{"edit":{},"list":{"label":"id","searchable":true,"sortable":true}},"judul":{"edit":{"label":"judul","description":"","placeholder":"","visible":true,"editable":true},"list":{"label":"judul","searchable":true,"sortable":true}},"nomor_katalog":{"edit":{"label":"nomor_katalog","description":"","placeholder":"","visible":true,"editable":true},"list":{"label":"nomor_katalog","searchable":true,"sortable":true}},"nomor_publikasi":{"edit":{"label":"nomor_publikasi","description":"","placeholder":"","visible":true,"editable":true},"list":{"label":"nomor_publikasi","searchable":true,"sortable":true}},"ISSN_ISBN":{"edit":{"label":"ISSN_ISBN","description":"","placeholder":"","visible":true,"editable":true},"list":{"label":"ISSN_ISBN","searchable":true,"sortable":true}},"tanggal_rilis":{"edit":{"label":"tanggal_rilis","description":"","placeholder":"","visible":true,"editable":true},"list":{"label":"tanggal_rilis","searchable":true,"sortable":true}},"deskripsi":{"edit":{"label":"deskripsi","description":"","placeholder":"","visible":true,"editable":true},"list":{"label":"deskripsi","searchable":true,"sortable":true}},"pdf":{"edit":{"label":"pdf","description":"","placeholder":"","visible":true,"editable":true},"list":{"label":"pdf","searchable":false,"sortable":false}},"image":{"edit":{"label":"image","description":"","placeholder":"","visible":true,"editable":true},"list":{"label":"image","searchable":false,"sortable":false}},"createdAt":{"edit":{"label":"createdAt","description":"","placeholder":"","visible":false,"editable":true},"list":{"label":"createdAt","searchable":true,"sortable":true}},"updatedAt":{"edit":{"label":"updatedAt","description":"","placeholder":"","visible":false,"editable":true},"list":{"label":"updatedAt","searchable":true,"sortable":true}},"createdBy":{"edit":{"label":"createdBy","description":"","placeholder":"","visible":false,"editable":true,"mainField":"firstname"},"list":{"label":"createdBy","searchable":true,"sortable":true}},"updatedBy":{"edit":{"label":"updatedBy","description":"","placeholder":"","visible":false,"editable":true,"mainField":"firstname"},"list":{"label":"updatedBy","searchable":true,"sortable":true}}},"layouts":{"list":["id","judul","nomor_katalog","nomor_publikasi"],"edit":[[{"name":"judul","size":6},{"name":"nomor_katalog","size":6}],[{"name":"nomor_publikasi","size":6},{"name":"ISSN_ISBN","size":6}],[{"name":"tanggal_rilis","size":4},{"name":"deskripsi","size":6}],[{"name":"pdf","size":6},{"name":"image","size":6}]]},"uid":"api::publikasi.publikasi"}', 'object', NULL, NULL);

-- Dumping structure for table satudata_barru.strapi_database_schema
CREATE TABLE IF NOT EXISTS `strapi_database_schema` (
  `id` int unsigned NOT NULL AUTO_INCREMENT,
  `schema` json DEFAULT NULL,
  `time` datetime DEFAULT NULL,
  `hash` varchar(255) DEFAULT NULL,
  PRIMARY KEY (`id`)
) ENGINE=InnoDB AUTO_INCREMENT=5 DEFAULT CHARSET=utf8mb4 COLLATE=utf8mb4_0900_ai_ci;

-- Dumping data for table satudata_barru.strapi_database_schema: ~1 rows (approximately)
INSERT INTO `strapi_database_schema` (`id`, `schema`, `time`, `hash`) VALUES
	(4, '{"tables": [{"name": "strapi_core_store_settings", "columns": [{"args": [{"primary": true, "primaryKey": true}], "name": "id", "type": "increments", "unsigned": false, "defaultTo": null, "notNullable": true}, {"args": [], "name": "key", "type": "string", "unsigned": false, "defaultTo": null, "notNullable": false}, {"args": ["longtext"], "name": "value", "type": "text", "unsigned": false, "defaultTo": null, "notNullable": false}, {"args": [], "name": "type", "type": "string", "unsigned": false, "defaultTo": null, "notNullable": false}, {"args": [], "name": "environment", "type": "string", "unsigned": false, "defaultTo": null, "notNullable": false}, {"args": [], "name": "tag", "type": "string", "unsigned": false, "defaultTo": null, "notNullable": false}], "indexes": [], "foreignKeys": []}, {"name": "strapi_webhooks", "columns": [{"args": [{"primary": true, "primaryKey": true}], "name": "id", "type": "increments", "unsigned": false, "defaultTo": null, "notNullable": true}, {"args": [], "name": "name", "type": "string", "unsigned": false, "defaultTo": null, "notNullable": false}, {"args": ["longtext"], "name": "url", "type": "text", "unsigned": false, "defaultTo": null, "notNullable": false}, {"args": [], "name": "headers", "type": "jsonb", "unsigned": false, "defaultTo": null, "notNullable": false}, {"args": [], "name": "events", "type": "jsonb", "unsigned": false, "defaultTo": null, "notNullable": false}, {"args": [], "name": "enabled", "type": "boolean", "unsigned": false, "defaultTo": null, "notNullable": false}], "indexes": [], "foreignKeys": []}, {"name": "admin_permissions", "columns": [{"args": [{"primary": true, "primaryKey": true}], "name": "id", "type": "increments", "unsigned": false, "defaultTo": null, "notNullable": true}, {"args": [], "name": "action", "type": "string", "unsigned": false, "defaultTo": null, "notNullable": false}, {"args": [], "name": "action_parameters", "type": "jsonb", "unsigned": false, "defaultTo": null, "notNullable": false}, {"args": [], "name": "subject", "type": "string", "unsigned": false, "defaultTo": null, "notNullable": false}, {"args": [], "name": "properties", "type": "jsonb", "unsigned": false, "defaultTo": null, "notNullable": false}, {"args": [], "name": "conditions", "type": "jsonb", "unsigned": false, "defaultTo": null, "notNullable": false}, {"args": [{"useTz": false, "precision": 6}], "name": "created_at", "type": "datetime", "unsigned": false, "defaultTo": null, "notNullable": false}, {"args": [{"useTz": false, "precision": 6}], "name": "updated_at", "type": "datetime", "unsigned": false, "defaultTo": null, "notNullable": false}, {"args": [], "name": "created_by_id", "type": "integer", "unsigned": true, "defaultTo": null, "notNullable": false}, {"args": [], "name": "updated_by_id", "type": "integer", "unsigned": true, "defaultTo": null, "notNullable": false}], "indexes": [{"name": "admin_permissions_created_by_id_fk", "columns": ["created_by_id"]}, {"name": "admin_permissions_updated_by_id_fk", "columns": ["updated_by_id"]}], "foreignKeys": [{"name": "admin_permissions_created_by_id_fk", "columns": ["created_by_id"], "onDelete": "SET NULL", "referencedTable": "admin_users", "referencedColumns": ["id"]}, {"name": "admin_permissions_updated_by_id_fk", "columns": ["updated_by_id"], "onDelete": "SET NULL", "referencedTable": "admin_users", "referencedColumns": ["id"]}]}, {"name": "admin_users", "columns": [{"args": [{"primary": true, "primaryKey": true}], "name": "id", "type": "increments", "unsigned": false, "defaultTo": null, "notNullable": true}, {"args": [], "name": "firstname", "type": "string", "unsigned": false, "defaultTo": null, "notNullable": false}, {"args": [], "name": "lastname", "type": "string", "unsigned": false, "defaultTo": null, "notNullable": false}, {"args": [], "name": "username", "type": "string", "unsigned": false, "defaultTo": null, "notNullable": false}, {"args": [], "name": "email", "type": "string", "unsigned": false, "defaultTo": null, "notNullable": false}, {"args": [], "name": "password", "type": "string", "unsigned": false, "defaultTo": null, "notNullable": false}, {"args": [], "name": "reset_password_token", "type": "string", "unsigned": false, "defaultTo": null, "notNullable": false}, {"args": [], "name": "registration_token", "type": "string", "unsigned": false, "defaultTo": null, "notNullable": false}, {"args": [], "name": "is_active", "type": "boolean", "unsigned": false, "defaultTo": null, "notNullable": false}, {"args": [], "name": "blocked", "type": "boolean", "unsigned": false, "defaultTo": null, "notNullable": false}, {"args": [], "name": "prefered_language", "type": "string", "unsigned": false, "defaultTo": null, "notNullable": false}, {"args": [{"useTz": false, "precision": 6}], "name": "created_at", "type": "datetime", "unsigned": false, "defaultTo": null, "notNullable": false}, {"args": [{"useTz": false, "precision": 6}], "name": "updated_at", "type": "datetime", "unsigned": false, "defaultTo": null, "notNullable": false}, {"args": [], "name": "created_by_id", "type": "integer", "unsigned": true, "defaultTo": null, "notNullable": false}, {"args": [], "name": "updated_by_id", "type": "integer", "unsigned": true, "defaultTo": null, "notNullable": false}], "indexes": [{"name": "admin_users_created_by_id_fk", "columns": ["created_by_id"]}, {"name": "admin_users_updated_by_id_fk", "columns": ["updated_by_id"]}], "foreignKeys": [{"name": "admin_users_created_by_id_fk", "columns": ["created_by_id"], "onDelete": "SET NULL", "referencedTable": "admin_users", "referencedColumns": ["id"]}, {"name": "admin_users_updated_by_id_fk", "columns": ["updated_by_id"], "onDelete": "SET NULL", "referencedTable": "admin_users", "referencedColumns": ["id"]}]}, {"name": "admin_roles", "columns": [{"args": [{"primary": true, "primaryKey": true}], "name": "id", "type": "increments", "unsigned": false, "defaultTo": null, "notNullable": true}, {"args": [], "name": "name", "type": "string", "unsigned": false, "defaultTo": null, "notNullable": false}, {"args": [], "name": "code", "type": "string", "unsigned": false, "defaultTo": null, "notNullable": false}, {"args": [], "name": "description", "type": "string", "unsigned": false, "defaultTo": null, "notNullable": false}, {"args": [{"useTz": false, "precision": 6}], "name": "created_at", "type": "datetime", "unsigned": false, "defaultTo": null, "notNullable": false}, {"args": [{"useTz": false, "precision": 6}], "name": "updated_at", "type": "datetime", "unsigned": false, "defaultTo": null, "notNullable": false}, {"args": [], "name": "created_by_id", "type": "integer", "unsigned": true, "defaultTo": null, "notNullable": false}, {"args": [], "name": "updated_by_id", "type": "integer", "unsigned": true, "defaultTo": null, "notNullable": false}], "indexes": [{"name": "admin_roles_created_by_id_fk", "columns": ["created_by_id"]}, {"name": "admin_roles_updated_by_id_fk", "columns": ["updated_by_id"]}], "foreignKeys": [{"name": "admin_roles_created_by_id_fk", "columns": ["created_by_id"], "onDelete": "SET NULL", "referencedTable": "admin_users", "referencedColumns": ["id"]}, {"name": "admin_roles_updated_by_id_fk", "columns": ["updated_by_id"], "onDelete": "SET NULL", "referencedTable": "admin_users", "referencedColumns": ["id"]}]}, {"name": "strapi_api_tokens", "columns": [{"args": [{"primary": true, "primaryKey": true}], "name": "id", "type": "increments", "unsigned": false, "defaultTo": null, "notNullable": true}, {"args": [], "name": "name", "type": "string", "unsigned": false, "defaultTo": null, "notNullable": false}, {"args": [], "name": "description", "type": "string", "unsigned": false, "defaultTo": null, "notNullable": false}, {"args": [], "name": "type", "type": "string", "unsigned": false, "defaultTo": null, "notNullable": false}, {"args": [], "name": "access_key", "type": "string", "unsigned": false, "defaultTo": null, "notNullable": false}, {"args": [{"useTz": false, "precision": 6}], "name": "last_used_at", "type": "datetime", "unsigned": false, "defaultTo": null, "notNullable": false}, {"args": [{"useTz": false, "precision": 6}], "name": "expires_at", "type": "datetime", "unsigned": false, "defaultTo": null, "notNullable": false}, {"args": [], "name": "lifespan", "type": "bigInteger", "unsigned": false, "defaultTo": null, "notNullable": false}, {"args": [{"useTz": false, "precision": 6}], "name": "created_at", "type": "datetime", "unsigned": false, "defaultTo": null, "notNullable": false}, {"args": [{"useTz": false, "precision": 6}], "name": "updated_at", "type": "datetime", "unsigned": false, "defaultTo": null, "notNullable": false}, {"args": [], "name": "created_by_id", "type": "integer", "unsigned": true, "defaultTo": null, "notNullable": false}, {"args": [], "name": "updated_by_id", "type": "integer", "unsigned": true, "defaultTo": null, "notNullable": false}], "indexes": [{"name": "strapi_api_tokens_created_by_id_fk", "columns": ["created_by_id"]}, {"name": "strapi_api_tokens_updated_by_id_fk", "columns": ["updated_by_id"]}], "foreignKeys": [{"name": "strapi_api_tokens_created_by_id_fk", "columns": ["created_by_id"], "onDelete": "SET NULL", "referencedTable": "admin_users", "referencedColumns": ["id"]}, {"name": "strapi_api_tokens_updated_by_id_fk", "columns": ["updated_by_id"], "onDelete": "SET NULL", "referencedTable": "admin_users", "referencedColumns": ["id"]}]}, {"name": "strapi_api_token_permissions", "columns": [{"args": [{"primary": true, "primaryKey": true}], "name": "id", "type": "increments", "unsigned": false, "defaultTo": null, "notNullable": true}, {"args": [], "name": "action", "type": "string", "unsigned": false, "defaultTo": null, "notNullable": false}, {"args": [{"useTz": false, "precision": 6}], "name": "created_at", "type": "datetime", "unsigned": false, "defaultTo": null, "notNullable": false}, {"args": [{"useTz": false, "precision": 6}], "name": "updated_at", "type": "datetime", "unsigned": false, "defaultTo": null, "notNullable": false}, {"args": [], "name": "created_by_id", "type": "integer", "unsigned": true, "defaultTo": null, "notNullable": false}, {"args": [], "name": "updated_by_id", "type": "integer", "unsigned": true, "defaultTo": null, "notNullable": false}], "indexes": [{"name": "strapi_api_token_permissions_created_by_id_fk", "columns": ["created_by_id"]}, {"name": "strapi_api_token_permissions_updated_by_id_fk", "columns": ["updated_by_id"]}], "foreignKeys": [{"name": "strapi_api_token_permissions_created_by_id_fk", "columns": ["created_by_id"], "onDelete": "SET NULL", "referencedTable": "admin_users", "referencedColumns": ["id"]}, {"name": "strapi_api_token_permissions_updated_by_id_fk", "columns": ["updated_by_id"], "onDelete": "SET NULL", "referencedTable": "admin_users", "referencedColumns": ["id"]}]}, {"name": "strapi_transfer_tokens", "columns": [{"args": [{"primary": true, "primaryKey": true}], "name": "id", "type": "increments", "unsigned": false, "defaultTo": null, "notNullable": true}, {"args": [], "name": "name", "type": "string", "unsigned": false, "defaultTo": null, "notNullable": false}, {"args": [], "name": "description", "type": "string", "unsigned": false, "defaultTo": null, "notNullable": false}, {"args": [], "name": "access_key", "type": "string", "unsigned": false, "defaultTo": null, "notNullable": false}, {"args": [{"useTz": false, "precision": 6}], "name": "last_used_at", "type": "datetime", "unsigned": false, "defaultTo": null, "notNullable": false}, {"args": [{"useTz": false, "precision": 6}], "name": "expires_at", "type": "datetime", "unsigned": false, "defaultTo": null, "notNullable": false}, {"args": [], "name": "lifespan", "type": "bigInteger", "unsigned": false, "defaultTo": null, "notNullable": false}, {"args": [{"useTz": false, "precision": 6}], "name": "created_at", "type": "datetime", "unsigned": false, "defaultTo": null, "notNullable": false}, {"args": [{"useTz": false, "precision": 6}], "name": "updated_at", "type": "datetime", "unsigned": false, "defaultTo": null, "notNullable": false}, {"args": [], "name": "created_by_id", "type": "integer", "unsigned": true, "defaultTo": null, "notNullable": false}, {"args": [], "name": "updated_by_id", "type": "integer", "unsigned": true, "defaultTo": null, "notNullable": false}], "indexes": [{"name": "strapi_transfer_tokens_created_by_id_fk", "columns": ["created_by_id"]}, {"name": "strapi_transfer_tokens_updated_by_id_fk", "columns": ["updated_by_id"]}], "foreignKeys": [{"name": "strapi_transfer_tokens_created_by_id_fk", "columns": ["created_by_id"], "onDelete": "SET NULL", "referencedTable": "admin_users", "referencedColumns": ["id"]}, {"name": "strapi_transfer_tokens_updated_by_id_fk", "columns": ["updated_by_id"], "onDelete": "SET NULL", "referencedTable": "admin_users", "referencedColumns": ["id"]}]}, {"name": "strapi_transfer_token_permissions", "columns": [{"args": [{"primary": true, "primaryKey": true}], "name": "id", "type": "increments", "unsigned": false, "defaultTo": null, "notNullable": true}, {"args": [], "name": "action", "type": "string", "unsigned": false, "defaultTo": null, "notNullable": false}, {"args": [{"useTz": false, "precision": 6}], "name": "created_at", "type": "datetime", "unsigned": false, "defaultTo": null, "notNullable": false}, {"args": [{"useTz": false, "precision": 6}], "name": "updated_at", "type": "datetime", "unsigned": false, "defaultTo": null, "notNullable": false}, {"args": [], "name": "created_by_id", "type": "integer", "unsigned": true, "defaultTo": null, "notNullable": false}, {"args": [], "name": "updated_by_id", "type": "integer", "unsigned": true, "defaultTo": null, "notNullable": false}], "indexes": [{"name": "strapi_transfer_token_permissions_created_by_id_fk", "columns": ["created_by_id"]}, {"name": "strapi_transfer_token_permissions_updated_by_id_fk", "columns": ["updated_by_id"]}], "foreignKeys": [{"name": "strapi_transfer_token_permissions_created_by_id_fk", "columns": ["created_by_id"], "onDelete": "SET NULL", "referencedTable": "admin_users", "referencedColumns": ["id"]}, {"name": "strapi_transfer_token_permissions_updated_by_id_fk", "columns": ["updated_by_id"], "onDelete": "SET NULL", "referencedTable": "admin_users", "referencedColumns": ["id"]}]}, {"name": "files", "columns": [{"args": [{"primary": true, "primaryKey": true}], "name": "id", "type": "increments", "unsigned": false, "defaultTo": null, "notNullable": true}, {"args": [], "name": "name", "type": "string", "unsigned": false, "defaultTo": null, "notNullable": false}, {"args": [], "name": "alternative_text", "type": "string", "unsigned": false, "defaultTo": null, "notNullable": false}, {"args": [], "name": "caption", "type": "string", "unsigned": false, "defaultTo": null, "notNullable": false}, {"args": [], "name": "width", "type": "integer", "unsigned": false, "defaultTo": null, "notNullable": false}, {"args": [], "name": "height", "type": "integer", "unsigned": false, "defaultTo": null, "notNullable": false}, {"args": [], "name": "formats", "type": "jsonb", "unsigned": false, "defaultTo": null, "notNullable": false}, {"args": [], "name": "hash", "type": "string", "unsigned": false, "defaultTo": null, "notNullable": false}, {"args": [], "name": "ext", "type": "string", "unsigned": false, "defaultTo": null, "notNullable": false}, {"args": [], "name": "mime", "type": "string", "unsigned": false, "defaultTo": null, "notNullable": false}, {"args": [10, 2], "name": "size", "type": "decimal", "unsigned": false, "defaultTo": null, "notNullable": false}, {"args": [], "name": "url", "type": "string", "unsigned": false, "defaultTo": null, "notNullable": false}, {"args": [], "name": "preview_url", "type": "string", "unsigned": false, "defaultTo": null, "notNullable": false}, {"args": [], "name": "provider", "type": "string", "unsigned": false, "defaultTo": null, "notNullable": false}, {"args": [], "name": "provider_metadata", "type": "jsonb", "unsigned": false, "defaultTo": null, "notNullable": false}, {"args": [], "name": "folder_path", "type": "string", "unsigned": false, "defaultTo": null, "notNullable": false}, {"args": [{"useTz": false, "precision": 6}], "name": "created_at", "type": "datetime", "unsigned": false, "defaultTo": null, "notNullable": false}, {"args": [{"useTz": false, "precision": 6}], "name": "updated_at", "type": "datetime", "unsigned": false, "defaultTo": null, "notNullable": false}, {"args": [], "name": "created_by_id", "type": "integer", "unsigned": true, "defaultTo": null, "notNullable": false}, {"args": [], "name": "updated_by_id", "type": "integer", "unsigned": true, "defaultTo": null, "notNullable": false}], "indexes": [{"name": "upload_files_folder_path_index", "type": null, "columns": ["folder_path"]}, {"name": "upload_files_created_at_index", "type": null, "columns": ["created_at"]}, {"name": "upload_files_updated_at_index", "type": null, "columns": ["updated_at"]}, {"name": "upload_files_name_index", "type": null, "columns": ["name"]}, {"name": "upload_files_size_index", "type": null, "columns": ["size"]}, {"name": "upload_files_ext_index", "type": null, "columns": ["ext"]}, {"name": "files_created_by_id_fk", "columns": ["created_by_id"]}, {"name": "files_updated_by_id_fk", "columns": ["updated_by_id"]}], "foreignKeys": [{"name": "files_created_by_id_fk", "columns": ["created_by_id"], "onDelete": "SET NULL", "referencedTable": "admin_users", "referencedColumns": ["id"]}, {"name": "files_updated_by_id_fk", "columns": ["updated_by_id"], "onDelete": "SET NULL", "referencedTable": "admin_users", "referencedColumns": ["id"]}]}, {"name": "upload_folders", "columns": [{"args": [{"primary": true, "primaryKey": true}], "name": "id", "type": "increments", "unsigned": false, "defaultTo": null, "notNullable": true}, {"args": [], "name": "name", "type": "string", "unsigned": false, "defaultTo": null, "notNullable": false}, {"args": [], "name": "path_id", "type": "integer", "unsigned": false, "defaultTo": null, "notNullable": false}, {"args": [], "name": "path", "type": "string", "unsigned": false, "defaultTo": null, "notNullable": false}, {"args": [{"useTz": false, "precision": 6}], "name": "created_at", "type": "datetime", "unsigned": false, "defaultTo": null, "notNullable": false}, {"args": [{"useTz": false, "precision": 6}], "name": "updated_at", "type": "datetime", "unsigned": false, "defaultTo": null, "notNullable": false}, {"args": [], "name": "created_by_id", "type": "integer", "unsigned": true, "defaultTo": null, "notNullable": false}, {"args": [], "name": "updated_by_id", "type": "integer", "unsigned": true, "defaultTo": null, "notNullable": false}], "indexes": [{"name": "upload_folders_path_id_index", "type": "unique", "columns": ["path_id"]}, {"name": "upload_folders_path_index", "type": "unique", "columns": ["path"]}, {"name": "upload_folders_created_by_id_fk", "columns": ["created_by_id"]}, {"name": "upload_folders_updated_by_id_fk", "columns": ["updated_by_id"]}], "foreignKeys": [{"name": "upload_folders_created_by_id_fk", "columns": ["created_by_id"], "onDelete": "SET NULL", "referencedTable": "admin_users", "referencedColumns": ["id"]}, {"name": "upload_folders_updated_by_id_fk", "columns": ["updated_by_id"], "onDelete": "SET NULL", "referencedTable": "admin_users", "referencedColumns": ["id"]}]}, {"name": "strapi_releases", "columns": [{"args": [{"primary": true, "primaryKey": true}], "name": "id", "type": "increments", "unsigned": false, "defaultTo": null, "notNullable": true}, {"args": [], "name": "name", "type": "string", "unsigned": false, "defaultTo": null, "notNullable": false}, {"args": [{"useTz": false, "precision": 6}], "name": "released_at", "type": "datetime", "unsigned": false, "defaultTo": null, "notNullable": false}, {"args": [{"useTz": false, "precision": 6}], "name": "scheduled_at", "type": "datetime", "unsigned": false, "defaultTo": null, "notNullable": false}, {"args": [], "name": "timezone", "type": "string", "unsigned": false, "defaultTo": null, "notNullable": false}, {"args": [], "name": "status", "type": "string", "unsigned": false, "defaultTo": null, "notNullable": false}, {"args": [{"useTz": false, "precision": 6}], "name": "created_at", "type": "datetime", "unsigned": false, "defaultTo": null, "notNullable": false}, {"args": [{"useTz": false, "precision": 6}], "name": "updated_at", "type": "datetime", "unsigned": false, "defaultTo": null, "notNullable": false}, {"args": [], "name": "created_by_id", "type": "integer", "unsigned": true, "defaultTo": null, "notNullable": false}, {"args": [], "name": "updated_by_id", "type": "integer", "unsigned": true, "defaultTo": null, "notNullable": false}], "indexes": [{"name": "strapi_releases_created_by_id_fk", "columns": ["created_by_id"]}, {"name": "strapi_releases_updated_by_id_fk", "columns": ["updated_by_id"]}], "foreignKeys": [{"name": "strapi_releases_created_by_id_fk", "columns": ["created_by_id"], "onDelete": "SET NULL", "referencedTable": "admin_users", "referencedColumns": ["id"]}, {"name": "strapi_releases_updated_by_id_fk", "columns": ["updated_by_id"], "onDelete": "SET NULL", "referencedTable": "admin_users", "referencedColumns": ["id"]}]}, {"name": "strapi_release_actions", "columns": [{"args": [{"primary": true, "primaryKey": true}], "name": "id", "type": "increments", "unsigned": false, "defaultTo": null, "notNullable": true}, {"args": [], "name": "type", "type": "string", "unsigned": false, "defaultTo": null, "notNullable": false}, {"args": [], "name": "target_id", "type": "integer", "unsigned": true, "defaultTo": null, "notNullable": false}, {"args": [], "name": "target_type", "type": "string", "unsigned": false, "defaultTo": null, "notNullable": false}, {"args": [], "name": "content_type", "type": "string", "unsigned": false, "defaultTo": null, "notNullable": false}, {"args": [], "name": "locale", "type": "string", "unsigned": false, "defaultTo": null, "notNullable": false}, {"args": [], "name": "is_entry_valid", "type": "boolean", "unsigned": false, "defaultTo": null, "notNullable": false}, {"args": [{"useTz": false, "precision": 6}], "name": "created_at", "type": "datetime", "unsigned": false, "defaultTo": null, "notNullable": false}, {"args": [{"useTz": false, "precision": 6}], "name": "updated_at", "type": "datetime", "unsigned": false, "defaultTo": null, "notNullable": false}, {"args": [], "name": "created_by_id", "type": "integer", "unsigned": true, "defaultTo": null, "notNullable": false}, {"args": [], "name": "updated_by_id", "type": "integer", "unsigned": true, "defaultTo": null, "notNullable": false}], "indexes": [{"name": "strapi_release_actions_created_by_id_fk", "columns": ["created_by_id"]}, {"name": "strapi_release_actions_updated_by_id_fk", "columns": ["updated_by_id"]}], "foreignKeys": [{"name": "strapi_release_actions_created_by_id_fk", "columns": ["created_by_id"], "onDelete": "SET NULL", "referencedTable": "admin_users", "referencedColumns": ["id"]}, {"name": "strapi_release_actions_updated_by_id_fk", "columns": ["updated_by_id"], "onDelete": "SET NULL", "referencedTable": "admin_users", "referencedColumns": ["id"]}]}, {"name": "up_permissions", "columns": [{"args": [{"primary": true, "primaryKey": true}], "name": "id", "type": "increments", "unsigned": false, "defaultTo": null, "notNullable": true}, {"args": [], "name": "action", "type": "string", "unsigned": false, "defaultTo": null, "notNullable": false}, {"args": [{"useTz": false, "precision": 6}], "name": "created_at", "type": "datetime", "unsigned": false, "defaultTo": null, "notNullable": false}, {"args": [{"useTz": false, "precision": 6}], "name": "updated_at", "type": "datetime", "unsigned": false, "defaultTo": null, "notNullable": false}, {"args": [], "name": "created_by_id", "type": "integer", "unsigned": true, "defaultTo": null, "notNullable": false}, {"args": [], "name": "updated_by_id", "type": "integer", "unsigned": true, "defaultTo": null, "notNullable": false}], "indexes": [{"name": "up_permissions_created_by_id_fk", "columns": ["created_by_id"]}, {"name": "up_permissions_updated_by_id_fk", "columns": ["updated_by_id"]}], "foreignKeys": [{"name": "up_permissions_created_by_id_fk", "columns": ["created_by_id"], "onDelete": "SET NULL", "referencedTable": "admin_users", "referencedColumns": ["id"]}, {"name": "up_permissions_updated_by_id_fk", "columns": ["updated_by_id"], "onDelete": "SET NULL", "referencedTable": "admin_users", "referencedColumns": ["id"]}]}, {"name": "up_roles", "columns": [{"args": [{"primary": true, "primaryKey": true}], "name": "id", "type": "increments", "unsigned": false, "defaultTo": null, "notNullable": true}, {"args": [], "name": "name", "type": "string", "unsigned": false, "defaultTo": null, "notNullable": false}, {"args": [], "name": "description", "type": "string", "unsigned": false, "defaultTo": null, "notNullable": false}, {"args": [], "name": "type", "type": "string", "unsigned": false, "defaultTo": null, "notNullable": false}, {"args": [{"useTz": false, "precision": 6}], "name": "created_at", "type": "datetime", "unsigned": false, "defaultTo": null, "notNullable": false}, {"args": [{"useTz": false, "precision": 6}], "name": "updated_at", "type": "datetime", "unsigned": false, "defaultTo": null, "notNullable": false}, {"args": [], "name": "created_by_id", "type": "integer", "unsigned": true, "defaultTo": null, "notNullable": false}, {"args": [], "name": "updated_by_id", "type": "integer", "unsigned": true, "defaultTo": null, "notNullable": false}], "indexes": [{"name": "up_roles_created_by_id_fk", "columns": ["created_by_id"]}, {"name": "up_roles_updated_by_id_fk", "columns": ["updated_by_id"]}], "foreignKeys": [{"name": "up_roles_created_by_id_fk", "columns": ["created_by_id"], "onDelete": "SET NULL", "referencedTable": "admin_users", "referencedColumns": ["id"]}, {"name": "up_roles_updated_by_id_fk", "columns": ["updated_by_id"], "onDelete": "SET NULL", "referencedTable": "admin_users", "referencedColumns": ["id"]}]}, {"name": "up_users", "columns": [{"args": [{"primary": true, "primaryKey": true}], "name": "id", "type": "increments", "unsigned": false, "defaultTo": null, "notNullable": true}, {"args": [], "name": "username", "type": "string", "unsigned": false, "defaultTo": null, "notNullable": false}, {"args": [], "name": "email", "type": "string", "unsigned": false, "defaultTo": null, "notNullable": false}, {"args": [], "name": "provider", "type": "string", "unsigned": false, "defaultTo": null, "notNullable": false}, {"args": [], "name": "password", "type": "string", "unsigned": false, "defaultTo": null, "notNullable": false}, {"args": [], "name": "reset_password_token", "type": "string", "unsigned": false, "defaultTo": null, "notNullable": false}, {"args": [], "name": "confirmation_token", "type": "string", "unsigned": false, "defaultTo": null, "notNullable": false}, {"args": [], "name": "confirmed", "type": "boolean", "unsigned": false, "defaultTo": null, "notNullable": false}, {"args": [], "name": "blocked", "type": "boolean", "unsigned": false, "defaultTo": null, "notNullable": false}, {"args": [{"useTz": false, "precision": 6}], "name": "created_at", "type": "datetime", "unsigned": false, "defaultTo": null, "notNullable": false}, {"args": [{"useTz": false, "precision": 6}], "name": "updated_at", "type": "datetime", "unsigned": false, "defaultTo": null, "notNullable": false}, {"args": [], "name": "created_by_id", "type": "integer", "unsigned": true, "defaultTo": null, "notNullable": false}, {"args": [], "name": "updated_by_id", "type": "integer", "unsigned": true, "defaultTo": null, "notNullable": false}], "indexes": [{"name": "up_users_created_by_id_fk", "columns": ["created_by_id"]}, {"name": "up_users_updated_by_id_fk", "columns": ["updated_by_id"]}], "foreignKeys": [{"name": "up_users_created_by_id_fk", "columns": ["created_by_id"], "onDelete": "SET NULL", "referencedTable": "admin_users", "referencedColumns": ["id"]}, {"name": "up_users_updated_by_id_fk", "columns": ["updated_by_id"], "onDelete": "SET NULL", "referencedTable": "admin_users", "referencedColumns": ["id"]}]}, {"name": "i18n_locale", "columns": [{"args": [{"primary": true, "primaryKey": true}], "name": "id", "type": "increments", "unsigned": false, "defaultTo": null, "notNullable": true}, {"args": [], "name": "name", "type": "string", "unsigned": false, "defaultTo": null, "notNullable": false}, {"args": [], "name": "code", "type": "string", "unsigned": false, "defaultTo": null, "notNullable": false}, {"args": [{"useTz": false, "precision": 6}], "name": "created_at", "type": "datetime", "unsigned": false, "defaultTo": null, "notNullable": false}, {"args": [{"useTz": false, "precision": 6}], "name": "updated_at", "type": "datetime", "unsigned": false, "defaultTo": null, "notNullable": false}, {"args": [], "name": "created_by_id", "type": "integer", "unsigned": true, "defaultTo": null, "notNullable": false}, {"args": [], "name": "updated_by_id", "type": "integer", "unsigned": true, "defaultTo": null, "notNullable": false}], "indexes": [{"name": "i18n_locale_created_by_id_fk", "columns": ["created_by_id"]}, {"name": "i18n_locale_updated_by_id_fk", "columns": ["updated_by_id"]}], "foreignKeys": [{"name": "i18n_locale_created_by_id_fk", "columns": ["created_by_id"], "onDelete": "SET NULL", "referencedTable": "admin_users", "referencedColumns": ["id"]}, {"name": "i18n_locale_updated_by_id_fk", "columns": ["updated_by_id"], "onDelete": "SET NULL", "referencedTable": "admin_users", "referencedColumns": ["id"]}]}, {"name": "daftar_bidang", "columns": [{"args": [{"primary": true, "primaryKey": true}], "name": "id", "type": "increments", "unsigned": false, "defaultTo": null, "notNullable": true}, {"args": [], "name": "nama_bidang", "type": "string", "unsigned": false, "defaultTo": null, "notNullable": false}, {"args": [{"useTz": false, "precision": 6}], "name": "created_at", "type": "datetime", "unsigned": false, "defaultTo": null, "notNullable": false}, {"args": [{"useTz": false, "precision": 6}], "name": "updated_at", "type": "datetime", "unsigned": false, "defaultTo": null, "notNullable": false}, {"args": [{"useTz": false, "precision": 6}], "name": "published_at", "type": "datetime", "unsigned": false, "defaultTo": null, "notNullable": false}, {"args": [], "name": "created_by_id", "type": "integer", "unsigned": true, "defaultTo": null, "notNullable": false}, {"args": [], "name": "updated_by_id", "type": "integer", "unsigned": true, "defaultTo": null, "notNullable": false}], "indexes": [{"name": "daftar_bidang_created_by_id_fk", "columns": ["created_by_id"]}, {"name": "daftar_bidang_updated_by_id_fk", "columns": ["updated_by_id"]}], "foreignKeys": [{"name": "daftar_bidang_created_by_id_fk", "columns": ["created_by_id"], "onDelete": "SET NULL", "referencedTable": "admin_users", "referencedColumns": ["id"]}, {"name": "daftar_bidang_updated_by_id_fk", "columns": ["updated_by_id"], "onDelete": "SET NULL", "referencedTable": "admin_users", "referencedColumns": ["id"]}]}, {"name": "daftar_data_bidang", "columns": [{"args": [{"primary": true, "primaryKey": true}], "name": "id", "type": "increments", "unsigned": false, "defaultTo": null, "notNullable": true}, {"args": [], "name": "elemen", "type": "string", "unsigned": false, "defaultTo": null, "notNullable": false}, {"args": [], "name": "year_2021", "type": "string", "unsigned": false, "defaultTo": null, "notNullable": false}, {"args": [], "name": "year_2022", "type": "string", "unsigned": false, "defaultTo": null, "notNullable": false}, {"args": [], "name": "year_2023", "type": "string", "unsigned": false, "defaultTo": null, "notNullable": false}, {"args": [], "name": "year_2024", "type": "string", "unsigned": false, "defaultTo": null, "notNullable": false}, {"args": [], "name": "satuan", "type": "string", "unsigned": false, "defaultTo": null, "notNullable": false}, {"args": [{"useTz": false, "precision": 6}], "name": "created_at", "type": "datetime", "unsigned": false, "defaultTo": null, "notNullable": false}, {"args": [{"useTz": false, "precision": 6}], "name": "updated_at", "type": "datetime", "unsigned": false, "defaultTo": null, "notNullable": false}, {"args": [{"useTz": false, "precision": 6}], "name": "published_at", "type": "datetime", "unsigned": false, "defaultTo": null, "notNullable": false}, {"args": [], "name": "created_by_id", "type": "integer", "unsigned": true, "defaultTo": null, "notNullable": false}, {"args": [], "name": "updated_by_id", "type": "integer", "unsigned": true, "defaultTo": null, "notNullable": false}], "indexes": [{"name": "daftar_data_bidang_created_by_id_fk", "columns": ["created_by_id"]}, {"name": "daftar_data_bidang_updated_by_id_fk", "columns": ["updated_by_id"]}], "foreignKeys": [{"name": "daftar_data_bidang_created_by_id_fk", "columns": ["created_by_id"], "onDelete": "SET NULL", "referencedTable": "admin_users", "referencedColumns": ["id"]}, {"name": "daftar_data_bidang_updated_by_id_fk", "columns": ["updated_by_id"], "onDelete": "SET NULL", "referencedTable": "admin_users", "referencedColumns": ["id"]}]}, {"name": "datasets", "columns": [{"args": [{"primary": true, "primaryKey": true}], "name": "id", "type": "increments", "unsigned": false, "defaultTo": null, "notNullable": true}, {"args": [], "name": "judul_kegiatan", "type": "string", "unsigned": false, "defaultTo": null, "notNullable": false}, {"args": [], "name": "tahun_kegiatan", "type": "bigInteger", "unsigned": false, "defaultTo": null, "notNullable": false}, {"args": [], "name": "cara_pengumpulan_data", "type": "string", "unsigned": false, "defaultTo": null, "notNullable": false}, {"args": [], "name": "sektor_kegiatan", "type": "string", "unsigned": false, "defaultTo": null, "notNullable": false}, {"args": [], "name": "jenis_kegiatan_statistik", "type": "string", "unsigned": false, "defaultTo": null, "notNullable": false}, {"args": [], "name": "identitas_rekomendasi", "type": "string", "unsigned": false, "defaultTo": null, "notNullable": false}, {"args": [], "name": "instansi_penyelenggara", "type": "string", "unsigned": false, "defaultTo": null, "notNullable": false}, {"args": ["longtext"], "name": "alamat_lengkap_instansi_penyelenggara", "type": "text", "unsigned": false, "defaultTo": null, "notNullable": false}, {"args": ["longtext"], "name": "unit_eselon_penanggungjawab", "type": "text", "unsigned": false, "defaultTo": null, "notNullable": false}, {"args": ["longtext"], "name": "penanggungjawab_teknis", "type": "text", "unsigned": false, "defaultTo": null, "notNullable": false}, {"args": [{"useTz": false, "precision": 6}], "name": "created_at", "type": "datetime", "unsigned": false, "defaultTo": null, "notNullable": false}, {"args": [{"useTz": false, "precision": 6}], "name": "updated_at", "type": "datetime", "unsigned": false, "defaultTo": null, "notNullable": false}, {"args": [{"useTz": false, "precision": 6}], "name": "published_at", "type": "datetime", "unsigned": false, "defaultTo": null, "notNullable": false}, {"args": [], "name": "created_by_id", "type": "integer", "unsigned": true, "defaultTo": null, "notNullable": false}, {"args": [], "name": "updated_by_id", "type": "integer", "unsigned": true, "defaultTo": null, "notNullable": false}], "indexes": [{"name": "datasets_created_by_id_fk", "columns": ["created_by_id"]}, {"name": "datasets_updated_by_id_fk", "columns": ["updated_by_id"]}], "foreignKeys": [{"name": "datasets_created_by_id_fk", "columns": ["created_by_id"], "onDelete": "SET NULL", "referencedTable": "admin_users", "referencedColumns": ["id"]}, {"name": "datasets_updated_by_id_fk", "columns": ["updated_by_id"], "onDelete": "SET NULL", "referencedTable": "admin_users", "referencedColumns": ["id"]}]}, {"name": "daftar_dinas", "columns": [{"args": [{"primary": true, "primaryKey": true}], "name": "id", "type": "increments", "unsigned": false, "defaultTo": null, "notNullable": true}, {"args": [], "name": "nama", "type": "string", "unsigned": false, "defaultTo": null, "notNullable": false}, {"args": [{"useTz": false, "precision": 6}], "name": "created_at", "type": "datetime", "unsigned": false, "defaultTo": null, "notNullable": false}, {"args": [{"useTz": false, "precision": 6}], "name": "updated_at", "type": "datetime", "unsigned": false, "defaultTo": null, "notNullable": false}, {"args": [{"useTz": false, "precision": 6}], "name": "published_at", "type": "datetime", "unsigned": false, "defaultTo": null, "notNullable": false}, {"args": [], "name": "created_by_id", "type": "integer", "unsigned": true, "defaultTo": null, "notNullable": false}, {"args": [], "name": "updated_by_id", "type": "integer", "unsigned": true, "defaultTo": null, "notNullable": false}], "indexes": [{"name": "daftar_dinas_created_by_id_fk", "columns": ["created_by_id"]}, {"name": "daftar_dinas_updated_by_id_fk", "columns": ["updated_by_id"]}], "foreignKeys": [{"name": "daftar_dinas_created_by_id_fk", "columns": ["created_by_id"], "onDelete": "SET NULL", "referencedTable": "admin_users", "referencedColumns": ["id"]}, {"name": "daftar_dinas_updated_by_id_fk", "columns": ["updated_by_id"], "onDelete": "SET NULL", "referencedTable": "admin_users", "referencedColumns": ["id"]}]}, {"name": "daftar_jadwal_publikasi", "columns": [{"args": [{"primary": true, "primaryKey": true}], "name": "id", "type": "increments", "unsigned": false, "defaultTo": null, "notNullable": true}, {"args": [], "name": "judul", "type": "string", "unsigned": false, "defaultTo": null, "notNullable": false}, {"args": [], "name": "periode_terbit", "type": "string", "unsigned": false, "defaultTo": null, "notNullable": false}, {"args": [], "name": "bahasa", "type": "string", "unsigned": false, "defaultTo": null, "notNullable": false}, {"args": [], "name": "jadwal_rilis", "type": "date", "unsigned": false, "defaultTo": null, "notNullable": false}, {"args": [], "name": "status", "type": "string", "unsigned": false, "defaultTo": null, "notNullable": false}, {"args": [{"useTz": false, "precision": 6}], "name": "created_at", "type": "datetime", "unsigned": false, "defaultTo": null, "notNullable": false}, {"args": [{"useTz": false, "precision": 6}], "name": "updated_at", "type": "datetime", "unsigned": false, "defaultTo": null, "notNullable": false}, {"args": [{"useTz": false, "precision": 6}], "name": "published_at", "type": "datetime", "unsigned": false, "defaultTo": null, "notNullable": false}, {"args": [], "name": "created_by_id", "type": "integer", "unsigned": true, "defaultTo": null, "notNullable": false}, {"args": [], "name": "updated_by_id", "type": "integer", "unsigned": true, "defaultTo": null, "notNullable": false}], "indexes": [{"name": "daftar_jadwal_publikasi_created_by_id_fk", "columns": ["created_by_id"]}, {"name": "daftar_jadwal_publikasi_updated_by_id_fk", "columns": ["updated_by_id"]}], "foreignKeys": [{"name": "daftar_jadwal_publikasi_created_by_id_fk", "columns": ["created_by_id"], "onDelete": "SET NULL", "referencedTable": "admin_users", "referencedColumns": ["id"]}, {"name": "daftar_jadwal_publikasi_updated_by_id_fk", "columns": ["updated_by_id"], "onDelete": "SET NULL", "referencedTable": "admin_users", "referencedColumns": ["id"]}]}, {"name": "publikasis", "columns": [{"args": [{"primary": true, "primaryKey": true}], "name": "id", "type": "increments", "unsigned": false, "defaultTo": null, "notNullable": true}, {"args": [], "name": "judul", "type": "string", "unsigned": false, "defaultTo": null, "notNullable": false}, {"args": [], "name": "nomor_katalog", "type": "string", "unsigned": false, "defaultTo": null, "notNullable": false}, {"args": [], "name": "nomor_publikasi", "type": "string", "unsigned": false, "defaultTo": null, "notNullable": false}, {"args": [], "name": "issn_isbn", "type": "string", "unsigned": false, "defaultTo": null, "notNullable": false}, {"args": [], "name": "tanggal_rilis", "type": "date", "unsigned": false, "defaultTo": null, "notNullable": false}, {"args": ["longtext"], "name": "deskripsi", "type": "text", "unsigned": false, "defaultTo": null, "notNullable": false}, {"args": [{"useTz": false, "precision": 6}], "name": "created_at", "type": "datetime", "unsigned": false, "defaultTo": null, "notNullable": false}, {"args": [{"useTz": false, "precision": 6}], "name": "updated_at", "type": "datetime", "unsigned": false, "defaultTo": null, "notNullable": false}, {"args": [{"useTz": false, "precision": 6}], "name": "published_at", "type": "datetime", "unsigned": false, "defaultTo": null, "notNullable": false}, {"args": [], "name": "created_by_id", "type": "integer", "unsigned": true, "defaultTo": null, "notNullable": false}, {"args": [], "name": "updated_by_id", "type": "integer", "unsigned": true, "defaultTo": null, "notNullable": false}], "indexes": [{"name": "publikasis_created_by_id_fk", "columns": ["created_by_id"]}, {"name": "publikasis_updated_by_id_fk", "columns": ["updated_by_id"]}], "foreignKeys": [{"name": "publikasis_created_by_id_fk", "columns": ["created_by_id"], "onDelete": "SET NULL", "referencedTable": "admin_users", "referencedColumns": ["id"]}, {"name": "publikasis_updated_by_id_fk", "columns": ["updated_by_id"], "onDelete": "SET NULL", "referencedTable": "admin_users", "referencedColumns": ["id"]}]}, {"name": "admin_permissions_role_links", "columns": [{"args": [{"primary": true, "primaryKey": true}], "name": "id", "type": "increments", "unsigned": false, "defaultTo": null, "notNullable": true}, {"args": [], "name": "permission_id", "type": "integer", "unsigned": true, "defaultTo": null, "notNullable": false}, {"args": [], "name": "role_id", "type": "integer", "unsigned": true, "defaultTo": null, "notNullable": false}, {"args": [], "name": "permission_order", "type": "double", "unsigned": true, "defaultTo": null, "notNullable": false}], "indexes": [{"name": "admin_permissions_role_links_fk", "columns": ["permission_id"]}, {"name": "admin_permissions_role_links_inv_fk", "columns": ["role_id"]}, {"name": "admin_permissions_role_links_unique", "type": "unique", "columns": ["permission_id", "role_id"]}, {"name": "admin_permissions_role_links_order_inv_fk", "columns": ["permission_order"]}], "foreignKeys": [{"name": "admin_permissions_role_links_fk", "columns": ["permission_id"], "onDelete": "CASCADE", "referencedTable": "admin_permissions", "referencedColumns": ["id"]}, {"name": "admin_permissions_role_links_inv_fk", "columns": ["role_id"], "onDelete": "CASCADE", "referencedTable": "admin_roles", "referencedColumns": ["id"]}]}, {"name": "admin_users_roles_links", "columns": [{"args": [{"primary": true, "primaryKey": true}], "name": "id", "type": "increments", "unsigned": false, "defaultTo": null, "notNullable": true}, {"args": [], "name": "user_id", "type": "integer", "unsigned": true, "defaultTo": null, "notNullable": false}, {"args": [], "name": "role_id", "type": "integer", "unsigned": true, "defaultTo": null, "notNullable": false}, {"args": [], "name": "role_order", "type": "double", "unsigned": true, "defaultTo": null, "notNullable": false}, {"args": [], "name": "user_order", "type": "double", "unsigned": true, "defaultTo": null, "notNullable": false}], "indexes": [{"name": "admin_users_roles_links_fk", "columns": ["user_id"]}, {"name": "admin_users_roles_links_inv_fk", "columns": ["role_id"]}, {"name": "admin_users_roles_links_unique", "type": "unique", "columns": ["user_id", "role_id"]}, {"name": "admin_users_roles_links_order_fk", "columns": ["role_order"]}, {"name": "admin_users_roles_links_order_inv_fk", "columns": ["user_order"]}], "foreignKeys": [{"name": "admin_users_roles_links_fk", "columns": ["user_id"], "onDelete": "CASCADE", "referencedTable": "admin_users", "referencedColumns": ["id"]}, {"name": "admin_users_roles_links_inv_fk", "columns": ["role_id"], "onDelete": "CASCADE", "referencedTable": "admin_roles", "referencedColumns": ["id"]}]}, {"name": "strapi_api_token_permissions_token_links", "columns": [{"args": [{"primary": true, "primaryKey": true}], "name": "id", "type": "increments", "unsigned": false, "defaultTo": null, "notNullable": true}, {"args": [], "name": "api_token_permission_id", "type": "integer", "unsigned": true, "defaultTo": null, "notNullable": false}, {"args": [], "name": "api_token_id", "type": "integer", "unsigned": true, "defaultTo": null, "notNullable": false}, {"args": [], "name": "api_token_permission_order", "type": "double", "unsigned": true, "defaultTo": null, "notNullable": false}], "indexes": [{"name": "strapi_api_token_permissions_token_links_fk", "columns": ["api_token_permission_id"]}, {"name": "strapi_api_token_permissions_token_links_inv_fk", "columns": ["api_token_id"]}, {"name": "strapi_api_token_permissions_token_links_unique", "type": "unique", "columns": ["api_token_permission_id", "api_token_id"]}, {"name": "strapi_api_token_permissions_token_links_order_inv_fk", "columns": ["api_token_permission_order"]}], "foreignKeys": [{"name": "strapi_api_token_permissions_token_links_fk", "columns": ["api_token_permission_id"], "onDelete": "CASCADE", "referencedTable": "strapi_api_token_permissions", "referencedColumns": ["id"]}, {"name": "strapi_api_token_permissions_token_links_inv_fk", "columns": ["api_token_id"], "onDelete": "CASCADE", "referencedTable": "strapi_api_tokens", "referencedColumns": ["id"]}]}, {"name": "strapi_transfer_token_permissions_token_links", "columns": [{"args": [{"primary": true, "primaryKey": true}], "name": "id", "type": "increments", "unsigned": false, "defaultTo": null, "notNullable": true}, {"args": [], "name": "transfer_token_permission_id", "type": "integer", "unsigned": true, "defaultTo": null, "notNullable": false}, {"args": [], "name": "transfer_token_id", "type": "integer", "unsigned": true, "defaultTo": null, "notNullable": false}, {"args": [], "name": "transfer_token_permission_order", "type": "double", "unsigned": true, "defaultTo": null, "notNullable": false}], "indexes": [{"name": "strapi_transfer_token_permissions_token_links_fk", "columns": ["transfer_token_permission_id"]}, {"name": "strapi_transfer_token_permissions_token_links_inv_fk", "columns": ["transfer_token_id"]}, {"name": "strapi_transfer_token_permissions_token_links_unique", "type": "unique", "columns": ["transfer_token_permission_id", "transfer_token_id"]}, {"name": "strapi_transfer_token_permissions_token_links_order_inv_fk", "columns": ["transfer_token_permission_order"]}], "foreignKeys": [{"name": "strapi_transfer_token_permissions_token_links_fk", "columns": ["transfer_token_permission_id"], "onDelete": "CASCADE", "referencedTable": "strapi_transfer_token_permissions", "referencedColumns": ["id"]}, {"name": "strapi_transfer_token_permissions_token_links_inv_fk", "columns": ["transfer_token_id"], "onDelete": "CASCADE", "referencedTable": "strapi_transfer_tokens", "referencedColumns": ["id"]}]}, {"name": "files_related_morphs", "columns": [{"args": [{"primary": true, "primaryKey": true}], "name": "id", "type": "increments", "unsigned": false, "defaultTo": null, "notNullable": true}, {"args": [], "name": "file_id", "type": "integer", "unsigned": true, "defaultTo": null, "notNullable": false}, {"args": [], "name": "related_id", "type": "integer", "unsigned": true, "defaultTo": null, "notNullable": false}, {"args": [], "name": "related_type", "type": "string", "unsigned": false, "defaultTo": null, "notNullable": false}, {"args": [], "name": "field", "type": "string", "unsigned": false, "defaultTo": null, "notNullable": false}, {"args": [], "name": "order", "type": "double", "unsigned": true, "defaultTo": null, "notNullable": false}], "indexes": [{"name": "files_related_morphs_fk", "columns": ["file_id"]}, {"name": "files_related_morphs_order_index", "columns": ["order"]}, {"name": "files_related_morphs_id_column_index", "columns": ["related_id"]}], "foreignKeys": [{"name": "files_related_morphs_fk", "columns": ["file_id"], "onDelete": "CASCADE", "referencedTable": "files", "referencedColumns": ["id"]}]}, {"name": "files_folder_links", "columns": [{"args": [{"primary": true, "primaryKey": true}], "name": "id", "type": "increments", "unsigned": false, "defaultTo": null, "notNullable": true}, {"args": [], "name": "file_id", "type": "integer", "unsigned": true, "defaultTo": null, "notNullable": false}, {"args": [], "name": "folder_id", "type": "integer", "unsigned": true, "defaultTo": null, "notNullable": false}, {"args": [], "name": "file_order", "type": "double", "unsigned": true, "defaultTo": null, "notNullable": false}], "indexes": [{"name": "files_folder_links_fk", "columns": ["file_id"]}, {"name": "files_folder_links_inv_fk", "columns": ["folder_id"]}, {"name": "files_folder_links_unique", "type": "unique", "columns": ["file_id", "folder_id"]}, {"name": "files_folder_links_order_inv_fk", "columns": ["file_order"]}], "foreignKeys": [{"name": "files_folder_links_fk", "columns": ["file_id"], "onDelete": "CASCADE", "referencedTable": "files", "referencedColumns": ["id"]}, {"name": "files_folder_links_inv_fk", "columns": ["folder_id"], "onDelete": "CASCADE", "referencedTable": "upload_folders", "referencedColumns": ["id"]}]}, {"name": "upload_folders_parent_links", "columns": [{"args": [{"primary": true, "primaryKey": true}], "name": "id", "type": "increments", "unsigned": false, "defaultTo": null, "notNullable": true}, {"args": [], "name": "folder_id", "type": "integer", "unsigned": true, "defaultTo": null, "notNullable": false}, {"args": [], "name": "inv_folder_id", "type": "integer", "unsigned": true, "defaultTo": null, "notNullable": false}, {"args": [], "name": "folder_order", "type": "double", "unsigned": true, "defaultTo": null, "notNullable": false}], "indexes": [{"name": "upload_folders_parent_links_fk", "columns": ["folder_id"]}, {"name": "upload_folders_parent_links_inv_fk", "columns": ["inv_folder_id"]}, {"name": "upload_folders_parent_links_unique", "type": "unique", "columns": ["folder_id", "inv_folder_id"]}, {"name": "upload_folders_parent_links_order_inv_fk", "columns": ["folder_order"]}], "foreignKeys": [{"name": "upload_folders_parent_links_fk", "columns": ["folder_id"], "onDelete": "CASCADE", "referencedTable": "upload_folders", "referencedColumns": ["id"]}, {"name": "upload_folders_parent_links_inv_fk", "columns": ["inv_folder_id"], "onDelete": "CASCADE", "referencedTable": "upload_folders", "referencedColumns": ["id"]}]}, {"name": "strapi_release_actions_release_links", "columns": [{"args": [{"primary": true, "primaryKey": true}], "name": "id", "type": "increments", "unsigned": false, "defaultTo": null, "notNullable": true}, {"args": [], "name": "release_action_id", "type": "integer", "unsigned": true, "defaultTo": null, "notNullable": false}, {"args": [], "name": "release_id", "type": "integer", "unsigned": true, "defaultTo": null, "notNullable": false}, {"args": [], "name": "release_action_order", "type": "double", "unsigned": true, "defaultTo": null, "notNullable": false}], "indexes": [{"name": "strapi_release_actions_release_links_fk", "columns": ["release_action_id"]}, {"name": "strapi_release_actions_release_links_inv_fk", "columns": ["release_id"]}, {"name": "strapi_release_actions_release_links_unique", "type": "unique", "columns": ["release_action_id", "release_id"]}, {"name": "strapi_release_actions_release_links_order_inv_fk", "columns": ["release_action_order"]}], "foreignKeys": [{"name": "strapi_release_actions_release_links_fk", "columns": ["release_action_id"], "onDelete": "CASCADE", "referencedTable": "strapi_release_actions", "referencedColumns": ["id"]}, {"name": "strapi_release_actions_release_links_inv_fk", "columns": ["release_id"], "onDelete": "CASCADE", "referencedTable": "strapi_releases", "referencedColumns": ["id"]}]}, {"name": "up_permissions_role_links", "columns": [{"args": [{"primary": true, "primaryKey": true}], "name": "id", "type": "increments", "unsigned": false, "defaultTo": null, "notNullable": true}, {"args": [], "name": "permission_id", "type": "integer", "unsigned": true, "defaultTo": null, "notNullable": false}, {"args": [], "name": "role_id", "type": "integer", "unsigned": true, "defaultTo": null, "notNullable": false}, {"args": [], "name": "permission_order", "type": "double", "unsigned": true, "defaultTo": null, "notNullable": false}], "indexes": [{"name": "up_permissions_role_links_fk", "columns": ["permission_id"]}, {"name": "up_permissions_role_links_inv_fk", "columns": ["role_id"]}, {"name": "up_permissions_role_links_unique", "type": "unique", "columns": ["permission_id", "role_id"]}, {"name": "up_permissions_role_links_order_inv_fk", "columns": ["permission_order"]}], "foreignKeys": [{"name": "up_permissions_role_links_fk", "columns": ["permission_id"], "onDelete": "CASCADE", "referencedTable": "up_permissions", "referencedColumns": ["id"]}, {"name": "up_permissions_role_links_inv_fk", "columns": ["role_id"], "onDelete": "CASCADE", "referencedTable": "up_roles", "referencedColumns": ["id"]}]}, {"name": "up_users_role_links", "columns": [{"args": [{"primary": true, "primaryKey": true}], "name": "id", "type": "increments", "unsigned": false, "defaultTo": null, "notNullable": true}, {"args": [], "name": "user_id", "type": "integer", "unsigned": true, "defaultTo": null, "notNullable": false}, {"args": [], "name": "role_id", "type": "integer", "unsigned": true, "defaultTo": null, "notNullable": false}, {"args": [], "name": "user_order", "type": "double", "unsigned": true, "defaultTo": null, "notNullable": false}], "indexes": [{"name": "up_users_role_links_fk", "columns": ["user_id"]}, {"name": "up_users_role_links_inv_fk", "columns": ["role_id"]}, {"name": "up_users_role_links_unique", "type": "unique", "columns": ["user_id", "role_id"]}, {"name": "up_users_role_links_order_inv_fk", "columns": ["user_order"]}], "foreignKeys": [{"name": "up_users_role_links_fk", "columns": ["user_id"], "onDelete": "CASCADE", "referencedTable": "up_users", "referencedColumns": ["id"]}, {"name": "up_users_role_links_inv_fk", "columns": ["role_id"], "onDelete": "CASCADE", "referencedTable": "up_roles", "referencedColumns": ["id"]}]}, {"name": "daftar_bidang_dinas_links", "columns": [{"args": [{"primary": true, "primaryKey": true}], "name": "id", "type": "increments", "unsigned": false, "defaultTo": null, "notNullable": true}, {"args": [], "name": "bidang_id", "type": "integer", "unsigned": true, "defaultTo": null, "notNullable": false}, {"args": [], "name": "dinas_id", "type": "integer", "unsigned": true, "defaultTo": null, "notNullable": false}, {"args": [], "name": "bidang_order", "type": "double", "unsigned": true, "defaultTo": null, "notNullable": false}], "indexes": [{"name": "daftar_bidang_dinas_links_fk", "columns": ["bidang_id"]}, {"name": "daftar_bidang_dinas_links_inv_fk", "columns": ["dinas_id"]}, {"name": "daftar_bidang_dinas_links_unique", "type": "unique", "columns": ["bidang_id", "dinas_id"]}, {"name": "daftar_bidang_dinas_links_order_inv_fk", "columns": ["bidang_order"]}], "foreignKeys": [{"name": "daftar_bidang_dinas_links_fk", "columns": ["bidang_id"], "onDelete": "CASCADE", "referencedTable": "daftar_bidang", "referencedColumns": ["id"]}, {"name": "daftar_bidang_dinas_links_inv_fk", "columns": ["dinas_id"], "onDelete": "CASCADE", "referencedTable": "daftar_dinas", "referencedColumns": ["id"]}]}, {"name": "daftar_data_bidang_bidang_links", "columns": [{"args": [{"primary": true, "primaryKey": true}], "name": "id", "type": "increments", "unsigned": false, "defaultTo": null, "notNullable": true}, {"args": [], "name": "data_bidang_id", "type": "integer", "unsigned": true, "defaultTo": null, "notNullable": false}, {"args": [], "name": "bidang_id", "type": "integer", "unsigned": true, "defaultTo": null, "notNullable": false}, {"args": [], "name": "data_bidang_order", "type": "double", "unsigned": true, "defaultTo": null, "notNullable": false}], "indexes": [{"name": "daftar_data_bidang_bidang_links_fk", "columns": ["data_bidang_id"]}, {"name": "daftar_data_bidang_bidang_links_inv_fk", "columns": ["bidang_id"]}, {"name": "daftar_data_bidang_bidang_links_unique", "type": "unique", "columns": ["data_bidang_id", "bidang_id"]}, {"name": "daftar_data_bidang_bidang_links_order_inv_fk", "columns": ["data_bidang_order"]}], "foreignKeys": [{"name": "daftar_data_bidang_bidang_links_fk", "columns": ["data_bidang_id"], "onDelete": "CASCADE", "referencedTable": "daftar_data_bidang", "referencedColumns": ["id"]}, {"name": "daftar_data_bidang_bidang_links_inv_fk", "columns": ["bidang_id"], "onDelete": "CASCADE", "referencedTable": "daftar_bidang", "referencedColumns": ["id"]}]}]}', '2024-05-28 02:11:06', '94449fd96eadac08ad7ee3d3c2306526');

-- Dumping structure for table satudata_barru.strapi_migrations
CREATE TABLE IF NOT EXISTS `strapi_migrations` (
  `id` int unsigned NOT NULL AUTO_INCREMENT,
  `name` varchar(255) DEFAULT NULL,
  `time` datetime DEFAULT NULL,
  PRIMARY KEY (`id`)
) ENGINE=InnoDB DEFAULT CHARSET=utf8mb4 COLLATE=utf8mb4_0900_ai_ci;

-- Dumping data for table satudata_barru.strapi_migrations: ~0 rows (approximately)

-- Dumping structure for table satudata_barru.strapi_releases
CREATE TABLE IF NOT EXISTS `strapi_releases` (
  `id` int unsigned NOT NULL AUTO_INCREMENT,
  `name` varchar(255) DEFAULT NULL,
  `released_at` datetime(6) DEFAULT NULL,
  `scheduled_at` datetime(6) DEFAULT NULL,
  `timezone` varchar(255) DEFAULT NULL,
  `status` varchar(255) DEFAULT NULL,
  `created_at` datetime(6) DEFAULT NULL,
  `updated_at` datetime(6) DEFAULT NULL,
  `created_by_id` int unsigned DEFAULT NULL,
  `updated_by_id` int unsigned DEFAULT NULL,
  PRIMARY KEY (`id`),
  KEY `strapi_releases_created_by_id_fk` (`created_by_id`),
  KEY `strapi_releases_updated_by_id_fk` (`updated_by_id`),
  CONSTRAINT `strapi_releases_created_by_id_fk` FOREIGN KEY (`created_by_id`) REFERENCES `admin_users` (`id`) ON DELETE SET NULL,
  CONSTRAINT `strapi_releases_updated_by_id_fk` FOREIGN KEY (`updated_by_id`) REFERENCES `admin_users` (`id`) ON DELETE SET NULL
) ENGINE=InnoDB DEFAULT CHARSET=utf8mb4 COLLATE=utf8mb4_0900_ai_ci;

-- Dumping data for table satudata_barru.strapi_releases: ~0 rows (approximately)

-- Dumping structure for table satudata_barru.strapi_release_actions
CREATE TABLE IF NOT EXISTS `strapi_release_actions` (
  `id` int unsigned NOT NULL AUTO_INCREMENT,
  `type` varchar(255) DEFAULT NULL,
  `target_id` int unsigned DEFAULT NULL,
  `target_type` varchar(255) DEFAULT NULL,
  `content_type` varchar(255) DEFAULT NULL,
  `locale` varchar(255) DEFAULT NULL,
  `is_entry_valid` tinyint(1) DEFAULT NULL,
  `created_at` datetime(6) DEFAULT NULL,
  `updated_at` datetime(6) DEFAULT NULL,
  `created_by_id` int unsigned DEFAULT NULL,
  `updated_by_id` int unsigned DEFAULT NULL,
  PRIMARY KEY (`id`),
  KEY `strapi_release_actions_created_by_id_fk` (`created_by_id`),
  KEY `strapi_release_actions_updated_by_id_fk` (`updated_by_id`),
  CONSTRAINT `strapi_release_actions_created_by_id_fk` FOREIGN KEY (`created_by_id`) REFERENCES `admin_users` (`id`) ON DELETE SET NULL,
  CONSTRAINT `strapi_release_actions_updated_by_id_fk` FOREIGN KEY (`updated_by_id`) REFERENCES `admin_users` (`id`) ON DELETE SET NULL
) ENGINE=InnoDB DEFAULT CHARSET=utf8mb4 COLLATE=utf8mb4_0900_ai_ci;

-- Dumping data for table satudata_barru.strapi_release_actions: ~0 rows (approximately)

-- Dumping structure for table satudata_barru.strapi_release_actions_release_links
CREATE TABLE IF NOT EXISTS `strapi_release_actions_release_links` (
  `id` int unsigned NOT NULL AUTO_INCREMENT,
  `release_action_id` int unsigned DEFAULT NULL,
  `release_id` int unsigned DEFAULT NULL,
  `release_action_order` double unsigned DEFAULT NULL,
  PRIMARY KEY (`id`),
  UNIQUE KEY `strapi_release_actions_release_links_unique` (`release_action_id`,`release_id`),
  KEY `strapi_release_actions_release_links_fk` (`release_action_id`),
  KEY `strapi_release_actions_release_links_inv_fk` (`release_id`),
  KEY `strapi_release_actions_release_links_order_inv_fk` (`release_action_order`),
  CONSTRAINT `strapi_release_actions_release_links_fk` FOREIGN KEY (`release_action_id`) REFERENCES `strapi_release_actions` (`id`) ON DELETE CASCADE,
  CONSTRAINT `strapi_release_actions_release_links_inv_fk` FOREIGN KEY (`release_id`) REFERENCES `strapi_releases` (`id`) ON DELETE CASCADE
) ENGINE=InnoDB DEFAULT CHARSET=utf8mb4 COLLATE=utf8mb4_0900_ai_ci;

-- Dumping data for table satudata_barru.strapi_release_actions_release_links: ~0 rows (approximately)

-- Dumping structure for table satudata_barru.strapi_transfer_tokens
CREATE TABLE IF NOT EXISTS `strapi_transfer_tokens` (
  `id` int unsigned NOT NULL AUTO_INCREMENT,
  `name` varchar(255) DEFAULT NULL,
  `description` varchar(255) DEFAULT NULL,
  `access_key` varchar(255) DEFAULT NULL,
  `last_used_at` datetime(6) DEFAULT NULL,
  `expires_at` datetime(6) DEFAULT NULL,
  `lifespan` bigint DEFAULT NULL,
  `created_at` datetime(6) DEFAULT NULL,
  `updated_at` datetime(6) DEFAULT NULL,
  `created_by_id` int unsigned DEFAULT NULL,
  `updated_by_id` int unsigned DEFAULT NULL,
  PRIMARY KEY (`id`),
  KEY `strapi_transfer_tokens_created_by_id_fk` (`created_by_id`),
  KEY `strapi_transfer_tokens_updated_by_id_fk` (`updated_by_id`),
  CONSTRAINT `strapi_transfer_tokens_created_by_id_fk` FOREIGN KEY (`created_by_id`) REFERENCES `admin_users` (`id`) ON DELETE SET NULL,
  CONSTRAINT `strapi_transfer_tokens_updated_by_id_fk` FOREIGN KEY (`updated_by_id`) REFERENCES `admin_users` (`id`) ON DELETE SET NULL
) ENGINE=InnoDB DEFAULT CHARSET=utf8mb4 COLLATE=utf8mb4_0900_ai_ci;

-- Dumping data for table satudata_barru.strapi_transfer_tokens: ~0 rows (approximately)

-- Dumping structure for table satudata_barru.strapi_transfer_token_permissions
CREATE TABLE IF NOT EXISTS `strapi_transfer_token_permissions` (
  `id` int unsigned NOT NULL AUTO_INCREMENT,
  `action` varchar(255) DEFAULT NULL,
  `created_at` datetime(6) DEFAULT NULL,
  `updated_at` datetime(6) DEFAULT NULL,
  `created_by_id` int unsigned DEFAULT NULL,
  `updated_by_id` int unsigned DEFAULT NULL,
  PRIMARY KEY (`id`),
  KEY `strapi_transfer_token_permissions_created_by_id_fk` (`created_by_id`),
  KEY `strapi_transfer_token_permissions_updated_by_id_fk` (`updated_by_id`),
  CONSTRAINT `strapi_transfer_token_permissions_created_by_id_fk` FOREIGN KEY (`created_by_id`) REFERENCES `admin_users` (`id`) ON DELETE SET NULL,
  CONSTRAINT `strapi_transfer_token_permissions_updated_by_id_fk` FOREIGN KEY (`updated_by_id`) REFERENCES `admin_users` (`id`) ON DELETE SET NULL
) ENGINE=InnoDB DEFAULT CHARSET=utf8mb4 COLLATE=utf8mb4_0900_ai_ci;

-- Dumping data for table satudata_barru.strapi_transfer_token_permissions: ~0 rows (approximately)

-- Dumping structure for table satudata_barru.strapi_transfer_token_permissions_token_links
CREATE TABLE IF NOT EXISTS `strapi_transfer_token_permissions_token_links` (
  `id` int unsigned NOT NULL AUTO_INCREMENT,
  `transfer_token_permission_id` int unsigned DEFAULT NULL,
  `transfer_token_id` int unsigned DEFAULT NULL,
  `transfer_token_permission_order` double unsigned DEFAULT NULL,
  PRIMARY KEY (`id`),
  UNIQUE KEY `strapi_transfer_token_permissions_token_links_unique` (`transfer_token_permission_id`,`transfer_token_id`),
  KEY `strapi_transfer_token_permissions_token_links_fk` (`transfer_token_permission_id`),
  KEY `strapi_transfer_token_permissions_token_links_inv_fk` (`transfer_token_id`),
  KEY `strapi_transfer_token_permissions_token_links_order_inv_fk` (`transfer_token_permission_order`),
  CONSTRAINT `strapi_transfer_token_permissions_token_links_fk` FOREIGN KEY (`transfer_token_permission_id`) REFERENCES `strapi_transfer_token_permissions` (`id`) ON DELETE CASCADE,
  CONSTRAINT `strapi_transfer_token_permissions_token_links_inv_fk` FOREIGN KEY (`transfer_token_id`) REFERENCES `strapi_transfer_tokens` (`id`) ON DELETE CASCADE
) ENGINE=InnoDB DEFAULT CHARSET=utf8mb4 COLLATE=utf8mb4_0900_ai_ci;

-- Dumping data for table satudata_barru.strapi_transfer_token_permissions_token_links: ~0 rows (approximately)

-- Dumping structure for table satudata_barru.strapi_webhooks
CREATE TABLE IF NOT EXISTS `strapi_webhooks` (
  `id` int unsigned NOT NULL AUTO_INCREMENT,
  `name` varchar(255) DEFAULT NULL,
  `url` longtext,
  `headers` json DEFAULT NULL,
  `events` json DEFAULT NULL,
  `enabled` tinyint(1) DEFAULT NULL,
  PRIMARY KEY (`id`)
) ENGINE=InnoDB DEFAULT CHARSET=utf8mb4 COLLATE=utf8mb4_0900_ai_ci;

-- Dumping data for table satudata_barru.strapi_webhooks: ~0 rows (approximately)

-- Dumping structure for table satudata_barru.upload_folders
CREATE TABLE IF NOT EXISTS `upload_folders` (
  `id` int unsigned NOT NULL AUTO_INCREMENT,
  `name` varchar(255) DEFAULT NULL,
  `path_id` int DEFAULT NULL,
  `path` varchar(255) DEFAULT NULL,
  `created_at` datetime(6) DEFAULT NULL,
  `updated_at` datetime(6) DEFAULT NULL,
  `created_by_id` int unsigned DEFAULT NULL,
  `updated_by_id` int unsigned DEFAULT NULL,
  PRIMARY KEY (`id`),
  UNIQUE KEY `upload_folders_path_id_index` (`path_id`),
  UNIQUE KEY `upload_folders_path_index` (`path`),
  KEY `upload_folders_created_by_id_fk` (`created_by_id`),
  KEY `upload_folders_updated_by_id_fk` (`updated_by_id`),
  CONSTRAINT `upload_folders_created_by_id_fk` FOREIGN KEY (`created_by_id`) REFERENCES `admin_users` (`id`) ON DELETE SET NULL,
  CONSTRAINT `upload_folders_updated_by_id_fk` FOREIGN KEY (`updated_by_id`) REFERENCES `admin_users` (`id`) ON DELETE SET NULL
) ENGINE=InnoDB AUTO_INCREMENT=8 DEFAULT CHARSET=utf8mb4 COLLATE=utf8mb4_0900_ai_ci;

-- Dumping data for table satudata_barru.upload_folders: ~6 rows (approximately)
INSERT INTO `upload_folders` (`id`, `name`, `path_id`, `path`, `created_at`, `updated_at`, `created_by_id`, `updated_by_id`) VALUES
	(2, 'Datasets', 1, '/1', '2024-05-27 22:02:56.466000', '2024-05-27 22:02:56.466000', 1, 1),
	(3, 'PDF', 2, '/1/2', '2024-05-27 22:03:03.781000', '2024-05-27 22:03:03.781000', 1, 1),
	(4, 'Excel', 3, '/1/3', '2024-05-27 22:03:27.331000', '2024-05-27 22:03:27.331000', 1, 1),
	(5, 'Publikasi', 4, '/4', '2024-05-28 00:53:14.208000', '2024-05-28 00:53:14.208000', 1, 1),
	(6, 'PDF', 5, '/4/5', '2024-05-28 00:54:22.662000', '2024-05-28 00:54:22.662000', 1, 1),
	(7, 'IMG', 6, '/4/6', '2024-05-28 00:54:35.222000', '2024-05-28 00:54:35.222000', 1, 1);

-- Dumping structure for table satudata_barru.upload_folders_parent_links
CREATE TABLE IF NOT EXISTS `upload_folders_parent_links` (
  `id` int unsigned NOT NULL AUTO_INCREMENT,
  `folder_id` int unsigned DEFAULT NULL,
  `inv_folder_id` int unsigned DEFAULT NULL,
  `folder_order` double unsigned DEFAULT NULL,
  PRIMARY KEY (`id`),
  UNIQUE KEY `upload_folders_parent_links_unique` (`folder_id`,`inv_folder_id`),
  KEY `upload_folders_parent_links_fk` (`folder_id`),
  KEY `upload_folders_parent_links_inv_fk` (`inv_folder_id`),
  KEY `upload_folders_parent_links_order_inv_fk` (`folder_order`),
  CONSTRAINT `upload_folders_parent_links_fk` FOREIGN KEY (`folder_id`) REFERENCES `upload_folders` (`id`) ON DELETE CASCADE,
  CONSTRAINT `upload_folders_parent_links_inv_fk` FOREIGN KEY (`inv_folder_id`) REFERENCES `upload_folders` (`id`) ON DELETE CASCADE
) ENGINE=InnoDB AUTO_INCREMENT=5 DEFAULT CHARSET=utf8mb4 COLLATE=utf8mb4_0900_ai_ci;

-- Dumping data for table satudata_barru.upload_folders_parent_links: ~4 rows (approximately)
INSERT INTO `upload_folders_parent_links` (`id`, `folder_id`, `inv_folder_id`, `folder_order`) VALUES
	(1, 3, 2, 1),
	(2, 4, 2, 2),
	(3, 6, 5, 1),
	(4, 7, 5, 2);

-- Dumping structure for table satudata_barru.up_permissions
CREATE TABLE IF NOT EXISTS `up_permissions` (
  `id` int unsigned NOT NULL AUTO_INCREMENT,
  `action` varchar(255) DEFAULT NULL,
  `created_at` datetime(6) DEFAULT NULL,
  `updated_at` datetime(6) DEFAULT NULL,
  `created_by_id` int unsigned DEFAULT NULL,
  `updated_by_id` int unsigned DEFAULT NULL,
  PRIMARY KEY (`id`),
  KEY `up_permissions_created_by_id_fk` (`created_by_id`),
  KEY `up_permissions_updated_by_id_fk` (`updated_by_id`),
  CONSTRAINT `up_permissions_created_by_id_fk` FOREIGN KEY (`created_by_id`) REFERENCES `admin_users` (`id`) ON DELETE SET NULL,
  CONSTRAINT `up_permissions_updated_by_id_fk` FOREIGN KEY (`updated_by_id`) REFERENCES `admin_users` (`id`) ON DELETE SET NULL
) ENGINE=InnoDB AUTO_INCREMENT=40 DEFAULT CHARSET=utf8mb4 COLLATE=utf8mb4_0900_ai_ci;

-- Dumping data for table satudata_barru.up_permissions: ~39 rows (approximately)
INSERT INTO `up_permissions` (`id`, `action`, `created_at`, `updated_at`, `created_by_id`, `updated_by_id`) VALUES
	(1, 'plugin::users-permissions.user.me', '2024-05-27 21:36:55.552000', '2024-05-27 21:36:55.552000', NULL, NULL),
	(2, 'plugin::users-permissions.auth.changePassword', '2024-05-27 21:36:55.552000', '2024-05-27 21:36:55.552000', NULL, NULL),
	(3, 'plugin::users-permissions.auth.callback', '2024-05-27 21:36:55.614000', '2024-05-27 21:36:55.614000', NULL, NULL),
	(4, 'plugin::users-permissions.auth.connect', '2024-05-27 21:36:55.614000', '2024-05-27 21:36:55.614000', NULL, NULL),
	(5, 'plugin::users-permissions.auth.forgotPassword', '2024-05-27 21:36:55.614000', '2024-05-27 21:36:55.614000', NULL, NULL),
	(6, 'plugin::users-permissions.auth.resetPassword', '2024-05-27 21:36:55.614000', '2024-05-27 21:36:55.614000', NULL, NULL),
	(7, 'plugin::users-permissions.auth.register', '2024-05-27 21:36:55.614000', '2024-05-27 21:36:55.614000', NULL, NULL),
	(8, 'plugin::users-permissions.auth.emailConfirmation', '2024-05-27 21:36:55.614000', '2024-05-27 21:36:55.614000', NULL, NULL),
	(9, 'plugin::users-permissions.auth.sendEmailConfirmation', '2024-05-27 21:36:55.614000', '2024-05-27 21:36:55.614000', NULL, NULL),
	(10, 'api::bidang.bidang.find', '2024-05-27 21:45:05.724000', '2024-05-27 21:45:05.724000', NULL, NULL),
	(11, 'api::bidang.bidang.findOne', '2024-05-27 21:45:05.724000', '2024-05-27 21:45:05.724000', NULL, NULL),
	(12, 'api::bidang.bidang.create', '2024-05-27 21:45:05.724000', '2024-05-27 21:45:05.724000', NULL, NULL),
	(13, 'api::bidang.bidang.update', '2024-05-27 21:45:05.724000', '2024-05-27 21:45:05.724000', NULL, NULL),
	(14, 'api::bidang.bidang.delete', '2024-05-27 21:45:05.724000', '2024-05-27 21:45:05.724000', NULL, NULL),
	(15, 'api::data-bidang.data-bidang.find', '2024-05-27 21:45:05.724000', '2024-05-27 21:45:05.724000', NULL, NULL),
	(16, 'api::data-bidang.data-bidang.create', '2024-05-27 21:45:05.724000', '2024-05-27 21:45:05.724000', NULL, NULL),
	(17, 'api::data-bidang.data-bidang.findOne', '2024-05-27 21:45:05.724000', '2024-05-27 21:45:05.724000', NULL, NULL),
	(18, 'api::data-bidang.data-bidang.update', '2024-05-27 21:45:05.724000', '2024-05-27 21:45:05.724000', NULL, NULL),
	(19, 'api::data-bidang.data-bidang.delete', '2024-05-27 21:45:05.724000', '2024-05-27 21:45:05.724000', NULL, NULL),
	(20, 'api::dataset.dataset.find', '2024-05-27 21:45:05.724000', '2024-05-27 21:45:05.724000', NULL, NULL),
	(21, 'api::dataset.dataset.findOne', '2024-05-27 21:45:05.724000', '2024-05-27 21:45:05.724000', NULL, NULL),
	(22, 'api::dataset.dataset.create', '2024-05-27 21:45:05.724000', '2024-05-27 21:45:05.724000', NULL, NULL),
	(23, 'api::dataset.dataset.update', '2024-05-27 21:45:05.724000', '2024-05-27 21:45:05.724000', NULL, NULL),
	(24, 'api::dataset.dataset.delete', '2024-05-27 21:45:05.724000', '2024-05-27 21:45:05.724000', NULL, NULL),
	(25, 'api::dinas.dinas.find', '2024-05-27 21:45:05.724000', '2024-05-27 21:45:05.724000', NULL, NULL),
	(26, 'api::dinas.dinas.findOne', '2024-05-27 21:45:05.724000', '2024-05-27 21:45:05.724000', NULL, NULL),
	(27, 'api::dinas.dinas.create', '2024-05-27 21:45:05.725000', '2024-05-27 21:45:05.725000', NULL, NULL),
	(28, 'api::dinas.dinas.update', '2024-05-27 21:45:05.725000', '2024-05-27 21:45:05.725000', NULL, NULL),
	(29, 'api::dinas.dinas.delete', '2024-05-27 21:45:05.725000', '2024-05-27 21:45:05.725000', NULL, NULL),
	(30, 'api::publikasi.publikasi.find', '2024-05-28 00:59:45.673000', '2024-05-28 00:59:45.673000', NULL, NULL),
	(31, 'api::publikasi.publikasi.findOne', '2024-05-28 00:59:45.673000', '2024-05-28 00:59:45.673000', NULL, NULL),
	(32, 'api::publikasi.publikasi.create', '2024-05-28 00:59:45.673000', '2024-05-28 00:59:45.673000', NULL, NULL),
	(33, 'api::publikasi.publikasi.update', '2024-05-28 00:59:45.673000', '2024-05-28 00:59:45.673000', NULL, NULL),
	(34, 'api::publikasi.publikasi.delete', '2024-05-28 00:59:45.673000', '2024-05-28 00:59:45.673000', NULL, NULL),
	(35, 'api::jadwal-publikasi.jadwal-publikasi.find', '2024-05-28 04:09:19.182000', '2024-05-28 04:09:19.182000', NULL, NULL),
	(36, 'api::jadwal-publikasi.jadwal-publikasi.findOne', '2024-05-28 04:09:19.182000', '2024-05-28 04:09:19.182000', NULL, NULL),
	(37, 'api::jadwal-publikasi.jadwal-publikasi.create', '2024-05-28 04:09:19.182000', '2024-05-28 04:09:19.182000', NULL, NULL),
	(38, 'api::jadwal-publikasi.jadwal-publikasi.update', '2024-05-28 04:09:19.182000', '2024-05-28 04:09:19.182000', NULL, NULL),
	(39, 'api::jadwal-publikasi.jadwal-publikasi.delete', '2024-05-28 04:09:19.182000', '2024-05-28 04:09:19.182000', NULL, NULL);

-- Dumping structure for table satudata_barru.up_permissions_role_links
CREATE TABLE IF NOT EXISTS `up_permissions_role_links` (
  `id` int unsigned NOT NULL AUTO_INCREMENT,
  `permission_id` int unsigned DEFAULT NULL,
  `role_id` int unsigned DEFAULT NULL,
  `permission_order` double unsigned DEFAULT NULL,
  PRIMARY KEY (`id`),
  UNIQUE KEY `up_permissions_role_links_unique` (`permission_id`,`role_id`),
  KEY `up_permissions_role_links_fk` (`permission_id`),
  KEY `up_permissions_role_links_inv_fk` (`role_id`),
  KEY `up_permissions_role_links_order_inv_fk` (`permission_order`),
  CONSTRAINT `up_permissions_role_links_fk` FOREIGN KEY (`permission_id`) REFERENCES `up_permissions` (`id`) ON DELETE CASCADE,
  CONSTRAINT `up_permissions_role_links_inv_fk` FOREIGN KEY (`role_id`) REFERENCES `up_roles` (`id`) ON DELETE CASCADE
) ENGINE=InnoDB AUTO_INCREMENT=40 DEFAULT CHARSET=utf8mb4 COLLATE=utf8mb4_0900_ai_ci;

-- Dumping data for table satudata_barru.up_permissions_role_links: ~39 rows (approximately)
INSERT INTO `up_permissions_role_links` (`id`, `permission_id`, `role_id`, `permission_order`) VALUES
	(1, 1, 1, 1),
	(2, 2, 1, 1),
	(3, 3, 2, 1),
	(4, 5, 2, 2),
	(5, 4, 2, 2),
	(6, 7, 2, 2),
	(7, 8, 2, 2),
	(8, 6, 2, 2),
	(9, 9, 2, 2),
	(10, 10, 2, 3),
	(11, 11, 2, 3),
	(12, 12, 2, 3),
	(13, 20, 2, 3),
	(14, 18, 2, 3),
	(15, 14, 2, 3),
	(16, 15, 2, 3),
	(17, 19, 2, 3),
	(18, 17, 2, 3),
	(19, 16, 2, 3),
	(20, 21, 2, 4),
	(21, 13, 2, 4),
	(22, 22, 2, 4),
	(23, 23, 2, 4),
	(24, 24, 2, 4),
	(25, 27, 2, 5),
	(26, 25, 2, 5),
	(27, 29, 2, 5),
	(28, 26, 2, 5),
	(29, 28, 2, 5),
	(30, 30, 2, 6),
	(31, 34, 2, 6),
	(32, 31, 2, 6),
	(33, 33, 2, 6),
	(34, 32, 2, 6),
	(35, 35, 2, 7),
	(36, 36, 2, 7),
	(37, 37, 2, 8),
	(38, 38, 2, 9),
	(39, 39, 2, 9);

-- Dumping structure for table satudata_barru.up_roles
CREATE TABLE IF NOT EXISTS `up_roles` (
  `id` int unsigned NOT NULL AUTO_INCREMENT,
  `name` varchar(255) DEFAULT NULL,
  `description` varchar(255) DEFAULT NULL,
  `type` varchar(255) DEFAULT NULL,
  `created_at` datetime(6) DEFAULT NULL,
  `updated_at` datetime(6) DEFAULT NULL,
  `created_by_id` int unsigned DEFAULT NULL,
  `updated_by_id` int unsigned DEFAULT NULL,
  PRIMARY KEY (`id`),
  KEY `up_roles_created_by_id_fk` (`created_by_id`),
  KEY `up_roles_updated_by_id_fk` (`updated_by_id`),
  CONSTRAINT `up_roles_created_by_id_fk` FOREIGN KEY (`created_by_id`) REFERENCES `admin_users` (`id`) ON DELETE SET NULL,
  CONSTRAINT `up_roles_updated_by_id_fk` FOREIGN KEY (`updated_by_id`) REFERENCES `admin_users` (`id`) ON DELETE SET NULL
) ENGINE=InnoDB AUTO_INCREMENT=3 DEFAULT CHARSET=utf8mb4 COLLATE=utf8mb4_0900_ai_ci;

-- Dumping data for table satudata_barru.up_roles: ~2 rows (approximately)
INSERT INTO `up_roles` (`id`, `name`, `description`, `type`, `created_at`, `updated_at`, `created_by_id`, `updated_by_id`) VALUES
	(1, 'Authenticated', 'Default role given to authenticated user.', 'authenticated', '2024-05-27 21:36:55.516000', '2024-05-27 21:36:55.516000', NULL, NULL),
	(2, 'Public', 'Default role given to unauthenticated user.', 'public', '2024-05-27 21:36:55.525000', '2024-05-28 05:35:37.819000', NULL, NULL);

-- Dumping structure for table satudata_barru.up_users
CREATE TABLE IF NOT EXISTS `up_users` (
  `id` int unsigned NOT NULL AUTO_INCREMENT,
  `username` varchar(255) DEFAULT NULL,
  `email` varchar(255) DEFAULT NULL,
  `provider` varchar(255) DEFAULT NULL,
  `password` varchar(255) DEFAULT NULL,
  `reset_password_token` varchar(255) DEFAULT NULL,
  `confirmation_token` varchar(255) DEFAULT NULL,
  `confirmed` tinyint(1) DEFAULT NULL,
  `blocked` tinyint(1) DEFAULT NULL,
  `created_at` datetime(6) DEFAULT NULL,
  `updated_at` datetime(6) DEFAULT NULL,
  `created_by_id` int unsigned DEFAULT NULL,
  `updated_by_id` int unsigned DEFAULT NULL,
  PRIMARY KEY (`id`),
  KEY `up_users_created_by_id_fk` (`created_by_id`),
  KEY `up_users_updated_by_id_fk` (`updated_by_id`),
  CONSTRAINT `up_users_created_by_id_fk` FOREIGN KEY (`created_by_id`) REFERENCES `admin_users` (`id`) ON DELETE SET NULL,
  CONSTRAINT `up_users_updated_by_id_fk` FOREIGN KEY (`updated_by_id`) REFERENCES `admin_users` (`id`) ON DELETE SET NULL
) ENGINE=InnoDB DEFAULT CHARSET=utf8mb4 COLLATE=utf8mb4_0900_ai_ci;

-- Dumping data for table satudata_barru.up_users: ~0 rows (approximately)

-- Dumping structure for table satudata_barru.up_users_role_links
CREATE TABLE IF NOT EXISTS `up_users_role_links` (
  `id` int unsigned NOT NULL AUTO_INCREMENT,
  `user_id` int unsigned DEFAULT NULL,
  `role_id` int unsigned DEFAULT NULL,
  `user_order` double unsigned DEFAULT NULL,
  PRIMARY KEY (`id`),
  UNIQUE KEY `up_users_role_links_unique` (`user_id`,`role_id`),
  KEY `up_users_role_links_fk` (`user_id`),
  KEY `up_users_role_links_inv_fk` (`role_id`),
  KEY `up_users_role_links_order_inv_fk` (`user_order`),
  CONSTRAINT `up_users_role_links_fk` FOREIGN KEY (`user_id`) REFERENCES `up_users` (`id`) ON DELETE CASCADE,
  CONSTRAINT `up_users_role_links_inv_fk` FOREIGN KEY (`role_id`) REFERENCES `up_roles` (`id`) ON DELETE CASCADE
) ENGINE=InnoDB DEFAULT CHARSET=utf8mb4 COLLATE=utf8mb4_0900_ai_ci;

-- Dumping data for table satudata_barru.up_users_role_links: ~0 rows (approximately)

/*!40103 SET TIME_ZONE=IFNULL(@OLD_TIME_ZONE, 'system') */;
/*!40101 SET SQL_MODE=IFNULL(@OLD_SQL_MODE, '') */;
/*!40014 SET FOREIGN_KEY_CHECKS=IFNULL(@OLD_FOREIGN_KEY_CHECKS, 1) */;
/*!40101 SET CHARACTER_SET_CLIENT=@OLD_CHARACTER_SET_CLIENT */;
/*!40111 SET SQL_NOTES=IFNULL(@OLD_SQL_NOTES, 1) */;
